orderID,id,subj_gla,gla_clean,gla_diff,subj_lot_size,lot_size_clean,lot_size_diff,subj_property_type,property_type_clean,same_property_type,subj_stories,stories_clean,same_storey_type,subj_room_count,room_count_clean,room_count_diff,subj_bedrooms,bedrooms_clean,bedroom_diff,subj_bathrooms,bathrooms_clean,bathroom_diff,sold_recently_90,sold_recently_180,pred,close_price,rank
4723364,77566.0,1254.0,1300.0,46.0,609840.0,3636.0,606204.0,Detached,Detached,1.0,2 Storey,2 Storey,1.0,7.0,8.0,1.0,3.0,3.0,0.0,1.5,2.0,0.5,1,1,0.20205072,610500.0,1
4723364,19364.0,1254.0,1697.0,443.0,609840.0,22200.0,587640.0,Detached,Detached,1.0,2 Storey,Bungalow,0.0,7.0,10.0,3.0,3.0,3.0,0.0,1.5,1.0,0.5,0,1,0.08529654,345000.0,2
4723364,16978.0,1254.0,1456.0,202.0,609840.0,3136.0,606704.0,Detached,Detached,1.0,2 Storey,2 Storey,1.0,7.0,13.0,6.0,3.0,3.0,0.0,1.5,2.5,1.0,0,1,0.028734058,640000.0,3
4742669,33996.0,839.592,839.0,0.5919999999999845,4639.284,5392.0,752.7160000000003,Detached,Detached,1.0,Bungalow,Bungalow,1.0,4.0,5.0,1.0,2.0,3.0,1.0,2.0,2.0,0.0,1,1,0.7223356,810000.0,1
4742669,206055.0,839.592,693.0,146.59199999999998,4639.284,7825.0,3185.7160000000003,Detached,Detached,1.0,Bungalow,Bungalow,1.0,4.0,4.0,0.0,2.0,2.0,0.0,2.0,1.0,1.0,1,1,0.34665298,725000.0,2
4742669,34006.0,839.592,959.0,119.40800000000002,4639.284,6157.0,1517.7160000000003,Detached,Detached,1.0,Bungalow,Bungalow,1.0,4.0,8.0,4.0,2.0,3.0,1.0,2.0,2.0,0.0,1,1,0.009835722,615000.0,3
4752865,52723.0,2974.0,2219.0,755.0,6512.219999999999,3912.7,2599.5199999999995,Detached,Detached,1.0,2 Storey,2 Storey,1.0,8.0,7.0,1.0,4.0,3.0,1.0,2.5,2.5,0.0,1,1,0.4407032,590000.0,1
4752865,286771.0,2974.0,2194.0,780.0,6512.219999999999,4600.4,1911.82,Detached,Detached,1.0,2 Storey,2 Storey,1.0,8.0,6.0,2.0,4.0,3.0,1.0,2.5,2.5,0.0,1,1,0.29541847,570000.0,2
4752865,274153.0,2974.0,2002.0,972.0,6512.219999999999,3340.1,3172.1199999999994,Detached,Detached,1.0,2 Storey,2 Storey,1.0,8.0,9.0,1.0,4.0,4.0,0.0,2.5,2.5,0.0,1,1,0.2643367,627500.0,3
4755196,76980.0,2956.0,2826.0,130.0,3601.0,3168.0,433.0,Detached,Detached,1.0,2 Storey,2 Storey,1.0,8.0,9.0,1.0,4.0,4.0,0.0,3.5,4.0,0.5,1,1,0.51545256,850000.0,1
4755196,78834.0,2956.0,2953.0,3.0,3601.0,,,Detached,Detached,1.0,2 Storey,2 Storey,1.0,8.0,10.0,2.0,4.0,4.0,0.0,3.5,4.0,0.5,1,1,0.40275297,1130000.0,2
4755196,2681.0,2956.0,2500.0,456.0,3601.0,5285.04,1684.04,Detached,Detached,1.0,2 Storey,2 Storey,1.0,8.0,8.0,0.0,4.0,4.0,0.0,3.5,4.0,0.5,1,1,0.27573466,878000.0,3
4756192,266981.0,1109.0,1016.0,93.0,,,,Condominium,Condominium,1.0,1 Storey,,,5.0,5.0,0.0,2.0,2.0,0.0,2.0,2.0,0.0,1,1,0.10935258,365000.0,1
4756192,94805.0,1109.0,1195.0,86.0,,,,Condominium,Condominium,1.0,1 Storey,,,5.0,7.0,2.0,2.0,2.0,0.0,2.0,2.0,0.0,1,1,0.031506296,394500.0,2
4756192,98703.0,1109.0,1025.0,84.0,,,,Condominium,Condominium,1.0,1 Storey,,,5.0,7.0,2.0,2.0,,,2.0,2.0,0.0,1,1,-0.019135218,400000.0,3
4756320,266588.0,1580.0,1378.0,202.0,3552.12,2984.2,567.9200000000001,Detached,Detached,1.0,2 Storey,2 Storey,1.0,5.0,6.0,1.0,3.0,3.0,0.0,2.5,2.5,0.0,1,1,0.68106693,475000.0,1
4756320,262211.0,1580.0,1620.0,40.0,3552.12,2905.1,647.02,Detached,Detached,1.0,2 Storey,2 Storey,1.0,5.0,7.0,2.0,3.0,3.0,0.0,2.5,2.5,0.0,1,1,0.6175016,475000.0,2
4756320,283668.0,1580.0,2041.0,461.0,3552.12,,,Detached,Detached,1.0,2 Storey,2 Storey,1.0,5.0,6.0,1.0,3.0,3.0,0.0,2.5,2.5,0.0,1,1,0.52981406,558000.0,3
4756829,77585.0,1587.0,1895.0,308.0,1868.0,1860.0,8.0,Townhouse,Townhouse,1.0,2 Storey,2 Storey,1.0,6.0,7.0,1.0,3.0,3.0,0.0,3.5,3.0,0.5,1,1,0.32064086,635000.0,1
4756829,4124.0,1587.0,2150.0,563.0,1868.0,1656.12,211.8800000000001,Townhouse,Townhouse,1.0,2 Storey,2 Storey,1.0,6.0,7.0,1.0,3.0,4.0,1.0,3.5,4.0,0.5,1,1,0.16554986,635000.0,2
4756829,181.0,1587.0,1500.0,87.0,1868.0,2020.0,152.0,Townhouse,Townhouse,1.0,2 Storey,2 Storey,1.0,6.0,3.0,3.0,3.0,3.0,0.0,3.5,3.0,0.5,1,1,0.15323292,675000.0,3
4757939,64340.0,968.76,1094.0,125.24,6738.263999999999,6210.0,528.2639999999992,Detached,Detached,1.0,Bungalow,Bungalow,1.0,5.0,7.0,2.0,2.0,5.0,3.0,2.0,2.0,0.0,1,1,0.5554217,680000.0,1
4757939,62564.0,968.76,711.0,257.76,6738.263999999999,4499.0,2239.263999999999,Detached,Detached,1.0,Bungalow,Bungalow,1.0,5.0,4.0,1.0,2.0,2.0,0.0,2.0,1.0,1.0,1,1,0.4981668,590000.0,2
4757939,93741.0,968.76,672.0,296.76,6738.263999999999,4014.0,2724.263999999999,Detached,Detached,1.0,Bungalow,Bungalow,1.0,5.0,7.0,2.0,2.0,2.0,0.0,2.0,2.0,0.0,1,1,0.32961807,650000.0,3
4757966,262125.0,1039.0,954.0,85.0,,,,Condominium,Condominium,1.0,1 Storey,,,5.0,6.0,1.0,2.0,2.0,0.0,2.0,2.0,0.0,1,1,0.18272798,362500.0,1
4757966,267109.0,1039.0,955.0,84.0,,,,Condominium,Condominium,1.0,1 Storey,,,5.0,6.0,1.0,2.0,2.0,0.0,2.0,2.0,0.0,1,1,0.18272798,384000.0,2
4757966,64188.0,1039.0,1065.0,26.0,,,,Condominium,Condominium,1.0,1 Storey,,,5.0,6.0,1.0,2.0,2.0,0.0,2.0,2.0,0.0,1,1,-0.28849846,390000.0,3
4758025,284259.0,2809.404,1836.0,973.404,8191.404,4135.0,4056.404000000001,Detached,Detached,1.0,2 Storey,2 Storey,1.0,9.0,10.0,1.0,4.0,4.0,0.0,3.5,3.5,0.0,1,1,0.37629503,829000.0,1
4758025,289533.0,2809.404,2586.0,223.404,8191.404,4768.0,3423.4040000000005,Detached,Detached,1.0,2 Storey,2 Storey,1.0,9.0,11.0,2.0,4.0,4.0,0.0,3.5,3.5,0.0,1,1,0.3294298,960000.0,2
4758025,265840.0,2809.404,2284.0,525.404,8191.404,4337.0,3854.404000000001,Detached,Detached,1.0,2 Storey,2 Storey,1.0,9.0,10.0,1.0,4.0,4.0,0.0,3.5,3.5,0.0,1,1,0.2737668,900000.0,3
4758316,29656.0,789.0,876.0,87.0,,,,Condominium,Condominium,1.0,1 Storey,,,5.0,5.0,0.0,2.0,2.0,0.0,2.0,2.0,0.0,1,1,0.18272798,382000.0,1
4758316,79238.0,789.0,876.0,87.0,,,,Condominium,Condominium,1.0,1 Storey,,,5.0,6.0,1.0,2.0,,,2.0,2.0,0.0,1,1,0.13208646,350000.0,2
4758316,4303.0,789.0,881.0,92.0,,,,Condominium,Condominium,1.0,1 Storey,,,5.0,6.0,1.0,2.0,2.0,0.0,2.0,2.0,0.0,1,1,0.10935258,402500.0,3
4758324,299009.0,1094.0,1347.0,253.0,12600.0,21357.0,8757.0,Detached,Detached,1.0,1 Storey,1 Storey,1.0,6.0,6.0,0.0,3.0,2.0,1.0,2.0,2.0,0.0,1,1,0.6230687,599900.0,1
4758324,304137.0,1094.0,1082.0,12.0,12600.0,28747.0,16147.0,Detached,Detached,1.0,1 Storey,1.5 Storey,0.0,6.0,6.0,0.0,3.0,2.0,1.0,2.0,2.0,0.0,1,1,0.2638054,,2
4758324,304085.0,1094.0,1257.0,163.0,12600.0,37535.0,24935.0,Detached,Detached,1.0,1 Storey,Bungalow,0.0,6.0,7.0,1.0,3.0,3.0,0.0,2.0,2.0,0.0,1,1,0.2130408,,3
4758529,261575.0,1176.0,950.0,226.0,,,,Condominium,Condominium,1.0,1 Storey,1 Storey,1.0,6.0,5.0,1.0,2.0,3.0,1.0,2.0,0.0,2.0,1,1,-0.17311491,860000.0,1
4758529,177262.0,1176.0,750.0,426.0,,,,Condominium,Condominium,1.0,1 Storey,1 Storey,1.0,6.0,5.0,1.0,2.0,1.0,1.0,2.0,0.0,2.0,1,1,-0.31713668,895000.0,2
4758529,277587.0,1176.0,850.0,326.0,,,,Condominium,Condominium,1.0,1 Storey,1 Storey,1.0,6.0,5.0,1.0,2.0,2.0,0.0,2.0,0.0,2.0,1,1,-0.3542644,645000.0,3
4758615,77186.0,1334.0,1484.0,150.0,3253.0,2071.0,1182.0,Townhouse,Townhouse,1.0,Bungalow,2 Storey,0.0,5.0,7.0,2.0,1.0,3.0,2.0,3.0,3.0,0.0,1,1,0.06634487,550000.0,1
4758615,76962.0,1334.0,1561.0,227.0,3253.0,1900.0,1353.0,Townhouse,Townhouse,1.0,Bungalow,2 Storey,0.0,5.0,8.0,3.0,1.0,3.0,2.0,3.0,3.0,0.0,1,1,-0.33110514,590000.0,2
4758615,77308.0,1334.0,1689.0,355.0,3253.0,2592.0,661.0,Townhouse,Townhouse,1.0,Bungalow,2 Storey,0.0,5.0,10.0,5.0,1.0,3.0,2.0,3.0,4.0,1.0,1,1,-0.544625,661000.0,3
4758672,295621.0,2010.0,1890.0,120.0,33661.0,451282.0,417621.0,Detached,Detached,1.0,2 Storey,Bungalow,0.0,9.0,9.0,0.0,3.0,3.0,0.0,2.5,2.0,0.5,0,1,0.45746312,635000.0,1
4758672,296584.0,2010.0,2011.0,1.0,33661.0,1777250.0,1743589.0,Detached,Detached,1.0,2 Storey,2 Storey,1.0,9.0,8.0,1.0,3.0,3.0,0.0,2.5,2.5,0.0,1,1,0.37045473,1444800.0,2
4758672,299656.0,2010.0,1865.0,145.0,33661.0,72922.0,39261.0,Detached,Detached,1.0,2 Storey,2 Storey,1.0,9.0,11.0,2.0,3.0,3.0,0.0,2.5,3.0,0.5,1,1,0.36997744,850000.0,3
4758996,12174.0,1144.0,1335.0,191.0,5823.324,3346.0,2477.324,Detached,Detached,1.0,Split Level,2 Storey,0.0,6.0,5.0,1.0,3.0,3.0,0.0,1.5,1.5,0.0,1,1,0.4560302,514000.0,1
4758996,288939.0,1144.0,991.0,153.0,5823.324,4437.0,1386.3239999999996,Detached,Detached,1.0,Split Level,Bi-Level,0.0,6.0,7.0,1.0,3.0,3.0,0.0,1.5,2.0,0.5,1,1,0.33606166,525000.0,2
4758996,287980.0,1144.0,925.0,219.0,5823.324,4176.0,1647.3239999999996,Detached,Detached,1.0,Split Level,Bungalow,0.0,6.0,7.0,1.0,3.0,3.0,0.0,1.5,1.0,0.5,1,1,0.31024045,475000.0,3
4759024,98430.0,2647.944,2338.0,309.944,4929.911999999999,3344.0,1585.9119999999994,Detached,Detached,1.0,2 Storey,2 Storey,1.0,9.0,8.0,1.0,5.0,4.0,1.0,4.0,3.0,1.0,1,1,0.38839102,799050.0,1
4759024,10274.0,2647.944,2250.0,397.944,4929.911999999999,6534.0,1604.0880000000006,Detached,Detached,1.0,2 Storey,2 Storey,1.0,9.0,11.0,2.0,5.0,4.0,1.0,4.0,3.5,0.5,1,1,0.20892389,720000.0,2
4759024,284678.0,2647.944,1734.0,913.944,4929.911999999999,2895.0,2034.9119999999996,Detached,Detached,1.0,2 Storey,2 Storey,1.0,9.0,8.0,1.0,5.0,4.0,1.0,4.0,3.5,0.5,1,1,0.20042118,690000.0,3
4759088,293612.0,1400.0,1350.0,50.0,37374.0,30719.0,6655.0,Detached,Detached,1.0,Bungalow Raised,2 Storey,0.0,6.0,7.0,1.0,3.0,3.0,0.0,2.0,1.0,1.0,0,1,0.11989428,395000.0,1
4759088,293572.0,1400.0,864.0,536.0,37374.0,48085.0,10711.0,Detached,Detached,1.0,Bungalow Raised,Split Level,0.0,6.0,9.0,3.0,3.0,3.0,0.0,2.0,2.0,0.0,0,1,0.107585736,429900.0,2
4759088,292631.0,1400.0,1026.0,374.0,37374.0,43560.0,6186.0,Detached,Detached,1.0,Bungalow Raised,Bungalow,0.0,6.0,7.0,1.0,3.0,3.0,0.0,2.0,1.5,0.5,0,1,0.08152437,450000.0,3
4759260,291996.0,864.0,625.0,239.0,15936.0,68900.0,52964.0,Detached,Detached,1.0,1 Storey,1 Storey,1.0,5.0,4.0,1.0,3.0,2.0,1.0,1.0,1.0,0.0,1,1,0.343285,190000.0,1
4759260,294402.0,864.0,1260.0,396.0,15936.0,80150.0,64214.0,Detached,Detached,1.0,1 Storey,1 Storey,1.0,5.0,6.0,1.0,3.0,3.0,0.0,1.0,1.5,0.5,1,1,0.07795111,375000.0,2
4759260,304137.0,864.0,1082.0,218.0,15936.0,28747.0,12811.0,Detached,Detached,1.0,1 Storey,1.5 Storey,0.0,5.0,6.0,1.0,3.0,2.0,1.0,1.0,2.0,1.0,1,1,-0.09915107,,3
4759498,78281.0,1774.0,1901.0,127.0,3137.0,3640.0,503.0,Detached,Detached,1.0,2 Storey,2 Storey,1.0,7.0,8.0,1.0,3.0,3.0,0.0,3.5,3.0,0.5,1,1,0.51545256,747800.0,1
4759498,78620.0,1774.0,2250.0,476.0,3137.0,4240.0,1103.0,Detached,Detached,1.0,2 Storey,2 Storey,1.0,7.0,8.0,1.0,3.0,3.0,0.0,3.5,4.0,0.5,1,1,0.36649314,835000.0,2
4759498,78715.0,1774.0,1572.0,202.0,3137.0,3248.0,111.0,Detached,Detached,1.0,2 Storey,2 Storey,1.0,7.0,6.0,1.0,3.0,3.0,0.0,3.5,3.0,0.5,1,1,0.3618765,661400.0,3
4759512,299448.0,1795.0,1685.0,110.0,6300.0,4799.0,1501.0,Detached,Detached,1.0,1.5 Storey,2 Storey,0.0,7.0,8.0,1.0,3.0,3.0,0.0,1.5,1.5,0.0,1,1,0.5678548,866500.0,1
4759512,295875.0,1795.0,912.0,883.0,6300.0,6900.0,600.0,Detached,Detached,1.0,1.5 Storey,1.5 Storey,1.0,7.0,8.0,1.0,3.0,2.0,1.0,1.5,1.0,0.5,1,1,0.2152378,490000.0,2
4759512,295567.0,1795.0,1056.0,739.0,6300.0,5145.0,1155.0,Detached,Detached,1.0,1.5 Storey,2 Storey,0.0,7.0,8.0,1.0,3.0,3.0,0.0,1.5,1.5,0.0,1,1,0.20519474,477000.0,3
4759561,296377.0,3137.0,1560.0,1577.0,14375.0,3796.0,10579.0,Duplex,Detached,0.0,2 Storey,2 Storey,1.0,15.0,14.0,1.0,5.0,4.0,1.0,4.0,4.0,0.0,1,1,-0.75129443,951000.0,1
4759561,296540.0,3137.0,2462.0,675.0,14375.0,0.0,14375.0,Duplex,Detached,0.0,2 Storey,2 Storey,1.0,15.0,13.0,2.0,5.0,4.0,1.0,4.0,3.5,0.5,1,1,-0.81051666,825000.0,2
4759561,296498.0,3137.0,1370.0,1767.0,14375.0,3815.0,10560.0,Duplex,Semi Detached,0.0,2 Storey,2 Storey,1.0,15.0,11.0,4.0,5.0,4.0,1.0,4.0,3.5,0.5,1,1,-0.8841842,689900.0,3
4759562,299275.0,1132.0,1243.0,111.0,3500.0,3257.0,243.0,Semi Detached,Semi Detached,1.0,2 Storey,2 Storey,1.0,6.0,8.0,2.0,3.0,3.0,0.0,1.5,1.5,0.0,1,1,0.50960785,470500.0,1
4759562,293026.0,1132.0,704.0,428.0,3500.0,3049.0,451.0,Semi Detached,Semi Detached,1.0,2 Storey,2 Storey,1.0,6.0,8.0,2.0,3.0,4.0,1.0,1.5,1.5,0.0,1,1,0.48942482,421000.0,2
4759562,293274.0,1132.0,1100.0,32.0,3500.0,3004.0,496.0,Semi Detached,Semi Detached,1.0,2 Storey,2 Storey,1.0,6.0,8.0,2.0,3.0,3.0,0.0,1.5,2.0,0.5,1,1,0.41230673,450000.0,3
4759604,297791.0,1788.0,1762.0,26.0,14232.0,5733.0,8499.0,Detached,Detached,1.0,2 Storey,2 Storey,1.0,8.0,9.0,1.0,3.0,4.0,1.0,1.5,1.5,0.0,1,1,0.6197149,1005000.0,1
4759604,294817.0,1788.0,1475.0,313.0,14232.0,8100.0,6132.0,Detached,Detached,1.0,2 Storey,2 Storey,1.0,8.0,9.0,1.0,3.0,3.0,0.0,1.5,1.5,0.0,1,1,0.578902,548500.0,2
4759604,295567.0,1788.0,1056.0,732.0,14232.0,5145.0,9087.0,Detached,Detached,1.0,2 Storey,2 Storey,1.0,8.0,8.0,0.0,3.0,3.0,0.0,1.5,1.5,0.0,1,1,0.2519494,477000.0,3
4759647,297613.0,2264.0,2160.0,104.0,33943.0,57400.0,23457.0,Detached,Detached,1.0,2 Storey,2 Storey,1.0,9.0,11.0,2.0,4.0,4.0,0.0,2.5,2.5,0.0,0,1,0.6011347,682500.0,1
4759647,299222.0,2264.0,1825.0,439.0,33943.0,53687.0,19744.0,Detached,Detached,1.0,2 Storey,2 Storey,1.0,9.0,10.0,1.0,4.0,3.0,1.0,2.5,2.5,0.0,1,1,0.54304594,536300.0,2
4759647,299877.0,2264.0,1604.0,660.0,33943.0,313632.0,279689.0,Detached,Detached,1.0,2 Storey,2 Storey,1.0,9.0,13.0,4.0,4.0,3.0,1.0,2.5,2.5,0.0,1,1,0.29916182,792000.0,3
4759723,288.0,2530.0,2488.0,42.0,5987.0,5433.78,553.2200000000003,Detached,Detached,1.0,2 Storey,2 Storey,1.0,9.0,9.0,0.0,3.0,4.0,1.0,3.5,3.5,0.0,1,1,0.75912714,972000.0,1
4759723,77530.0,2530.0,2703.0,173.0,5987.0,4746.0,1241.0,Detached,Detached,1.0,2 Storey,2 Storey,1.0,9.0,11.0,2.0,3.0,4.0,1.0,3.5,4.0,0.5,1,1,0.3454928,916410.0,2
4759723,77274.0,2530.0,2081.0,449.0,5987.0,5632.0,355.0,Detached,Detached,1.0,2 Storey,2 Storey,1.0,9.0,12.0,3.0,3.0,3.0,0.0,3.5,3.0,0.5,1,1,-0.024693402,795000.0,3
4759846,297322.0,1637.0,1432.0,205.0,6000.0,4200.0,1800.0,Detached,Detached,1.0,Split Level,2 Storey,0.0,7.0,6.0,1.0,3.0,3.0,0.0,1.5,2.0,0.5,1,1,0.34307414,721500.0,1
4759846,296474.0,1637.0,1269.0,368.0,6000.0,5775.0,225.0,Detached,Detached,1.0,Split Level,Split Level,1.0,7.0,9.0,2.0,3.0,5.0,2.0,1.5,2.0,0.5,1,1,0.24315974,580000.0,2
4759846,299429.0,1637.0,1510.0,127.0,6000.0,5427.0,573.0,Detached,Detached,1.0,Split Level,2 Storey,0.0,7.0,8.0,1.0,3.0,3.0,0.0,1.5,2.0,0.5,1,1,0.17671907,770000.0,3
4760530,266896.0,2149.0,2250.0,101.0,438082.92,4879.0,433203.92,Detached,Detached,1.0,Bungalow Raised,2 Storey,0.0,7.0,7.0,0.0,4.0,4.0,0.0,3.5,0.0,3.5,1,1,-0.797779,1443000.0,1
4760530,175036.0,2149.0,2250.0,101.0,438082.92,4935.0,433147.92,Detached,Detached,1.0,Bungalow Raised,Bungalow,0.0,7.0,7.0,0.0,4.0,3.0,1.0,3.5,0.0,3.5,0,1,-0.797779,1400000.0,2
4760530,174916.0,2149.0,2250.0,101.0,438082.92,5733.0,432349.92,Detached,Detached,1.0,Bungalow Raised,Bungalow,0.0,7.0,7.0,0.0,4.0,3.0,1.0,3.5,0.0,3.5,1,1,-0.797779,1475000.0,3
4760630,196003.0,1840.0,2250.0,410.0,1742.0,2014.0,272.0,Townhouse,Townhouse,1.0,2.5 Storey,2.5 Storey,1.0,8.0,9.0,1.0,4.0,5.0,1.0,1.0,0.0,1.0,1,1,0.5147678,890000.0,1
4760630,214625.0,1840.0,1750.0,90.0,1742.0,1785.0,43.0,Townhouse,Townhouse,1.0,2.5 Storey,2.5 Storey,1.0,8.0,10.0,2.0,4.0,5.0,1.0,1.0,0.0,1.0,1,1,0.3316641,770000.0,2
4760630,2741.0,1840.0,2000.0,160.0,1742.0,2014.5,272.5,Townhouse,Townhouse,1.0,2.5 Storey,2.5 Storey,1.0,8.0,9.0,1.0,4.0,5.0,1.0,1.0,3.0,2.0,1,1,0.250272,890000.0,3
4760651,299294.0,1354.0,913.0,441.0,3250.0,14500.0,11250.0,Detached,Detached,1.0,2 Storey,Bungalow,0.0,6.0,5.0,1.0,3.0,3.0,0.0,1.5,1.0,0.5,1,1,-0.020832898,450000.0,1
4760651,299346.0,1354.0,924.0,430.0,3250.0,5575.0,2325.0,Detached,Detached,1.0,2 Storey,Split Level,0.0,6.0,8.0,2.0,3.0,3.0,0.0,1.5,2.0,0.5,1,1,-0.056466036,525000.0,2
4760651,294470.0,1354.0,1268.0,86.0,3250.0,9534.0,6284.0,Detached,Detached,1.0,2 Storey,Split Level,0.0,6.0,4.0,2.0,3.0,3.0,0.0,1.5,2.0,0.5,1,1,-0.15606335,515000.0,3
4760900,68527.0,1573.4,1731.0,157.5999999999999,4058.028,2863.0,1195.0279999999998,Detached,Detached,1.0,2 Storey,2 Storey,1.0,7.0,8.0,1.0,3.0,3.0,0.0,2.5,2.5,0.0,1,1,0.79402155,626000.0,1
4760900,279376.0,1573.4,1526.0,47.40000000000009,4058.028,3056.0,1002.0279999999998,Detached,Detached,1.0,2 Storey,2 Storey,1.0,7.0,7.0,0.0,3.0,3.0,0.0,2.5,2.5,0.0,1,1,0.77681804,620000.0,2
4760900,287569.0,1573.4,1440.0,133.4000000000001,4058.028,2993.0,1065.0279999999998,Detached,Detached,1.0,2 Storey,2 Storey,1.0,7.0,7.0,0.0,3.0,3.0,0.0,2.5,2.5,0.0,1,1,0.7600436,605433.0,3
4761220,232436.0,1525.0,1598.0,73.0,2619.0,2460.0,159.0,Semi Detached,Semi Detached,1.0,2 Storey,2 Storey,1.0,7.0,6.0,1.0,3.0,3.0,0.0,3.5,0.0,3.5,1,1,-0.70181817,1040000.0,1
4761220,204458.0,1525.0,1775.0,250.0,2619.0,2475.0,144.0,Semi Detached,Semi Detached,1.0,2 Storey,2 Storey,1.0,7.0,7.0,0.0,3.0,4.0,1.0,3.5,0.0,3.5,1,1,-0.7434529,1200000.0,2
4761220,282053.0,1525.0,1750.0,225.0,2619.0,,,Semi Detached,Semi Detached,1.0,2 Storey,2 Storey,1.0,7.0,6.0,1.0,3.0,3.0,0.0,3.5,0.0,3.5,1,1,-0.7907275,1200000.0,3
4761433,299074.0,2895.0,1114.0,1781.0,26700.0,15000.0,11700.0,Detached,Detached,1.0,1 Storey,Bungalow,0.0,10.0,10.0,0.0,4.0,4.0,0.0,3.0,2.0,1.0,1,1,-0.115678065,565000.0,1
4761433,297249.0,2895.0,1206.0,1689.0,26700.0,8776.0,17924.0,Detached,Detached,1.0,1 Storey,Split Level,0.0,10.0,11.0,1.0,4.0,4.0,0.0,3.0,2.5,0.5,1,1,-0.18067856,658750.0,2
4761433,296402.0,2895.0,1552.0,1343.0,26700.0,9840.0,16860.0,Detached,Detached,1.0,1 Storey,Split Level,0.0,10.0,10.0,0.0,4.0,4.0,0.0,3.0,2.5,0.5,1,1,-0.18514192,596000.0,3
4761446,2783.0,1678.0,1300.0,378.0,5663.0,6600.0,937.0,Detached,Detached,1.0,Bungalow,2 Storey,0.0,7.0,7.0,0.0,3.0,3.0,0.0,2.0,2.0,0.0,1,1,0.03188227,495000.0,1
4761446,52.0,1678.0,900.0,778.0,5663.0,8250.0,2587.0,Detached,Detached,1.0,Bungalow,Bungalow Raised,0.0,7.0,10.0,3.0,3.0,2.0,1.0,2.0,2.0,0.0,1,1,-0.08216643,542000.0,2
4761446,2660.0,1678.0,1300.0,378.0,5663.0,7800.0,2137.0,Detached,Detached,1.0,Bungalow,3 Storey,0.0,7.0,5.0,2.0,3.0,3.0,0.0,2.0,2.0,0.0,1,1,-0.10973709,595000.0,3
4761696,77661.0,1751.0,1696.0,55.0,3358.0,1960.0,1398.0,Townhouse,Townhouse,1.0,2 Storey,2 Storey,1.0,7.0,8.0,1.0,3.0,3.0,0.0,2.5,3.0,0.5,1,1,0.3946435,630000.0,1
4761696,3314.0,1751.0,1663.0,88.0,3358.0,2100.0,1258.0,Townhouse,Townhouse,1.0,2 Storey,2 Storey,1.0,7.0,11.0,4.0,3.0,3.0,0.0,2.5,3.0,0.5,1,1,0.039767504,610000.0,2
4761696,77745.0,1751.0,,,3358.0,1470.0,1888.0,Townhouse,Townhouse,1.0,2 Storey,2 Storey,1.0,7.0,5.0,2.0,3.0,2.0,1.0,2.5,3.0,0.5,1,1,-0.39757708,500000.0,3
4762154,304007.0,1523.0,1010.0,513.0,,,,Condominium,Condominium,1.0,1 Storey,1 Storey,1.0,6.0,6.0,0.0,2.0,2.0,0.0,2.0,2.0,0.0,1,1,0.16686377,,1
4762154,298175.0,1523.0,989.0,534.0,,,,Condominium,Condominium,1.0,1 Storey,1 Storey,1.0,6.0,4.0,2.0,2.0,2.0,0.0,2.0,2.0,0.0,1,1,0.06510574,483000.0,2
4762154,298372.0,1523.0,580.0,943.0,,,,Condominium,Condominium,1.0,1 Storey,1 Storey,1.0,6.0,5.0,1.0,2.0,1.0,1.0,2.0,1.0,1.0,1,1,0.011238301,352000.0,3
4762330,274115.0,2456.0,2242.0,214.0,5909.436,19589.0,13679.564,Detached,Detached,1.0,2 Storey,2 Storey,1.0,10.0,11.0,1.0,4.0,4.0,0.0,2.5,2.5,0.0,1,1,0.5784464,969500.0,1
4762330,98442.0,2456.0,2527.0,71.0,5909.436,4968.0,941.4359999999996,Detached,Detached,1.0,2 Storey,2 Storey,1.0,10.0,10.0,0.0,4.0,4.0,0.0,2.5,3.5,1.0,1,1,0.5354697,799000.0,2
4762330,10386.0,2456.0,2323.0,133.0,5909.436,5244.0,665.4359999999997,Detached,Detached,1.0,2 Storey,2 Storey,1.0,10.0,11.0,1.0,4.0,4.0,0.0,2.5,3.0,0.5,1,1,0.51545256,818000.0,3
4762406,292748.0,3332.0,2440.0,892.0,42495.0,23890.0,18605.0,Detached,Detached,1.0,1.5 Storey,1.5 Storey,1.0,10.0,10.0,0.0,5.0,3.0,2.0,2.5,2.5,0.0,1,1,0.16609612,405000.0,1
4762406,293679.0,3332.0,644.0,2688.0,42495.0,30811.0,11684.0,Detached,Detached,1.0,1.5 Storey,1.5 Storey,1.0,10.0,9.0,1.0,5.0,3.0,2.0,2.5,1.5,1.0,0,1,-0.010526404,415000.0,2
4762406,299009.0,3332.0,1347.0,1985.0,42495.0,21357.0,21138.0,Detached,Detached,1.0,1.5 Storey,1 Storey,0.0,10.0,6.0,4.0,5.0,2.0,3.0,2.5,2.0,0.5,1,1,-0.09288175,599900.0,3
4762597,2.0,1044.0,1252.0,208.0,,3775.5,,Townhouse,Semi Detached,0.0,2 Storey,2 Storey,1.0,6.0,8.0,2.0,3.0,3.0,0.0,1.5,1.5,0.0,1,1,-0.5966692,465000.0,1
4762597,101.0,1044.0,1550.0,506.0,,2099.98,,Townhouse,Townhouse,1.0,2 Storey,2 Storey,1.0,6.0,9.0,3.0,3.0,3.0,0.0,1.5,3.0,1.5,1,1,-0.6328569,572999.0,2
4762597,130134.0,1044.0,1564.0,520.0,,2080.0,,Townhouse,Townhouse,1.0,2 Storey,2 Storey,1.0,6.0,9.0,3.0,3.0,3.0,0.0,1.5,0.0,1.5,1,1,-0.6328569,572999.0,3
4762739,293449.0,1500.0,1130.0,370.0,72745.0,35810.0,36935.0,Detached,Detached,1.0,1.5 Storey,1.5 Storey,1.0,6.0,5.0,1.0,3.0,2.0,1.0,2.5,2.0,0.5,1,1,0.28045347,285000.0,1
4762739,292232.0,1500.0,1100.0,400.0,72745.0,21446.0,51299.0,Detached,Detached,1.0,1.5 Storey,2 Storey,0.0,6.0,7.0,1.0,3.0,3.0,0.0,2.5,2.0,0.5,0,1,-0.1577192,420000.0,2
4762739,292631.0,1500.0,1026.0,474.0,72745.0,43560.0,29185.0,Detached,Detached,1.0,1.5 Storey,Bungalow,0.0,6.0,7.0,1.0,3.0,3.0,0.0,2.5,1.5,1.0,0,1,-0.1880694,450000.0,3
4763065,192171.0,3000.0,2801.0,199.0,20174.0,4000.0,16174.0,Detached,Detached,1.0,2 Storey,2 Storey,1.0,9.0,9.0,0.0,4.0,4.0,0.0,2.5,3.5,1.0,0,1,0.56801033,1150100.0,1
4763065,167118.0,3000.0,2003.0,997.0,20174.0,3000.0,17174.0,Detached,Detached,1.0,2 Storey,2 Storey,1.0,9.0,11.0,2.0,4.0,4.0,0.0,2.5,2.5,0.0,1,1,0.2668594,949900.0,2
4763065,178477.0,3000.0,2122.0,878.0,20174.0,3500.0,16674.0,Detached,Detached,1.0,2 Storey,2 Storey,1.0,9.0,11.0,2.0,4.0,3.0,1.0,2.5,2.5,0.0,0,1,0.24916852,975000.0,3
4763086,78844.0,1283.0,1750.0,467.0,54450.0,386097.0,331647.0,Detached,Detached,1.0,Bungalow,Bungalow,1.0,5.0,6.0,1.0,2.0,3.0,1.0,3.0,3.0,0.0,1,1,0.15583971,745000.0,1
4763086,155.0,1283.0,1975.0,692.0,54450.0,3100.0,51350.0,Detached,Detached,1.0,Bungalow,2 Storey,0.0,5.0,8.0,3.0,2.0,3.0,1.0,3.0,3.0,0.0,1,1,0.010686319,669900.0,2
4763086,2683.0,1283.0,2000.0,717.0,54450.0,56253.8,1803.800000000003,Detached,Detached,1.0,Bungalow,Split Level,0.0,5.0,7.0,2.0,2.0,3.0,1.0,3.0,3.0,0.0,1,1,-0.02638458,810000.0,3
4763087,298220.0,1530.0,1553.0,23.0,,,,Condominium,Condominium,1.0,1 Storey,1 Storey,1.0,6.0,9.0,3.0,3.0,2.0,1.0,2.0,2.0,0.0,1,1,0.37084007,475000.0,1
4763087,303996.0,1530.0,1582.0,52.0,,,,Condominium,Condominium,1.0,1 Storey,1 Storey,1.0,6.0,9.0,3.0,3.0,3.0,0.0,2.0,2.0,0.0,1,1,0.3292827,,2
4763087,304007.0,1530.0,1010.0,520.0,,,,Condominium,Condominium,1.0,1 Storey,1 Storey,1.0,6.0,6.0,0.0,3.0,2.0,1.0,2.0,2.0,0.0,1,1,0.14917287,,3
4763606,140295.0,1634.0,1450.0,184.0,,2750.0,,Townhouse,Townhouse,1.0,2 Storey,2 Storey,1.0,8.0,8.0,0.0,4.0,3.0,1.0,2.5,2.0,0.5,1,1,0.48428118,550000.0,1
4763606,123523.0,1634.0,1200.0,434.0,,,,Townhouse,Townhouse,1.0,2 Storey,2 Storey,1.0,8.0,9.0,1.0,4.0,3.0,1.0,2.5,1.5,1.0,1,1,0.27668172,430000.0,2
4763606,273104.0,1634.0,1500.0,134.0,,,,Townhouse,Townhouse,1.0,2 Storey,3 Storey,0.0,8.0,11.0,3.0,4.0,4.0,0.0,2.5,3.5,1.0,1,1,-0.46198133,585000.0,3
4763898,292876.0,1170.0,1215.0,45.0,7541.0,10030.0,2489.0,Detached,Detached,1.0,1.5 Storey,Bungalow,0.0,6.0,6.0,0.0,2.0,3.0,1.0,1.5,1.0,0.5,1,1,0.40008938,441200.0,1
4763898,291630.0,1170.0,894.0,276.0,7541.0,4243.0,3298.0,Detached,Detached,1.0,1.5 Storey,1.5 Storey,1.0,6.0,6.0,0.0,2.0,3.0,1.0,1.5,1.0,0.5,1,1,0.24975868,54000.0,2
4763898,299447.0,1170.0,1152.0,18.0,7541.0,5000.0,2541.0,Detached,Detached,1.0,1.5 Storey,2 Storey,0.0,6.0,7.0,1.0,2.0,3.0,1.0,1.5,1.0,0.5,1,1,0.2452177,685000.0,3
4764028,65.0,1822.0,2817.0,995.0,911.0,1980.0,1069.0,Townhouse,Townhouse,1.0,3+ Storey,3 Storey,0.0,9.0,15.0,6.0,3.0,5.0,2.0,2.5,3.0,0.5,1,1,-0.45579734,695000.0,1
4764028,195681.0,1822.0,1965.0,143.0,911.0,1219.0,308.0,Townhouse,Townhouse,1.0,3+ Storey,3 Storey,0.0,9.0,8.0,1.0,3.0,3.0,0.0,2.5,0.0,2.5,1,1,-0.7101364,875000.0,2
4764028,199.0,1822.0,2020.0,198.0,911.0,,,Townhouse,Townhouse,1.0,3+ Storey,3 Storey,0.0,9.0,15.0,6.0,3.0,3.0,0.0,2.5,3.0,0.5,1,1,-0.73505986,805000.0,3
4764094,299384.0,1746.0,1100.0,646.0,6825.0,9022.0,2197.0,Detached,Detached,1.0,Split Level,Split Level,1.0,7.0,9.0,2.0,3.0,4.0,1.0,2.5,2.5,0.0,1,1,0.40886536,610000.0,1
4764094,295436.0,1746.0,1040.0,706.0,6825.0,6000.0,825.0,Detached,Detached,1.0,Split Level,Split Level,1.0,7.0,8.0,1.0,3.0,3.0,0.0,2.5,2.0,0.5,1,1,0.2152378,489000.0,2
4764094,299083.0,1746.0,1328.0,418.0,6825.0,7875.0,1050.0,Detached,Detached,1.0,Split Level,Split Level,1.0,7.0,9.0,2.0,3.0,4.0,1.0,2.5,3.0,0.5,1,1,0.21074985,546500.0,3
4764103,282032.0,1602.0,1750.0,148.0,3694.0,,,Semi Detached,Semi Detached,1.0,2 Storey,2 Storey,1.0,6.0,7.0,1.0,2.0,3.0,1.0,3.0,0.0,3.0,1,1,-0.74909276,2028520.0,1
4764103,203989.0,1602.0,1246.0,356.0,3694.0,1674.0,2020.0,Semi Detached,Semi Detached,1.0,2 Storey,2 Storey,1.0,6.0,6.0,0.0,2.0,4.0,2.0,3.0,0.0,3.0,1,1,-0.7695799,1200000.0,2
4764103,279083.0,1602.0,1300.0,302.0,3694.0,,,Semi Detached,Semi Detached,1.0,2 Storey,2 Storey,1.0,6.0,6.0,0.0,2.0,4.0,2.0,3.0,0.0,3.0,1,1,-0.7907275,1490000.0,3
4765154,78633.0,1840.0,1750.0,90.0,7007.0,4888.0,2119.0,Detached,Detached,1.0,Split Level,Split Level,1.0,7.0,5.0,2.0,4.0,3.0,1.0,2.5,2.0,0.5,1,1,0.35808113,585000.0,1
4765154,14098.0,1840.0,1721.0,119.0,7007.0,5929.0,1078.0,Detached,Detached,1.0,Split Level,Split Level,1.0,7.0,10.0,3.0,4.0,5.0,1.0,2.5,1.5,1.0,1,1,0.124780595,571400.0,2
4765154,52.0,1840.0,900.0,940.0,7007.0,8250.0,1243.0,Detached,Detached,1.0,Split Level,Bungalow Raised,0.0,7.0,10.0,3.0,4.0,2.0,2.0,2.5,2.0,0.5,1,1,-0.18750648,542000.0,3
4765502,122289.0,1845.0,1379.0,466.0,10570.0,5076.0,5494.0,Detached,Detached,1.0,1.5 Storey,Bungalow,0.0,8.0,8.0,0.0,4.0,3.0,1.0,1.5,2.0,0.5,0,1,-0.079691686,512000.0,1
4765502,132794.0,1845.0,900.0,945.0,10570.0,,,Detached,Detached,1.0,1.5 Storey,Split Level,0.0,8.0,5.0,3.0,4.0,3.0,1.0,1.5,0.0,1.5,0,1,-0.94842595,430000.0,2
4765502,154640.0,1845.0,1325.0,520.0,10570.0,,,Detached,Detached,1.0,1.5 Storey,Split Level,0.0,8.0,9.0,1.0,4.0,3.0,1.0,1.5,0.0,1.5,0,1,-0.94896156,390000.0,3
4765899,77072.0,1488.0,1807.0,319.0,3685.0,4200.0,515.0,Detached,Detached,1.0,2 Storey,2 Storey,1.0,6.0,5.0,1.0,3.0,3.0,0.0,3.5,3.0,0.5,1,1,0.39021695,805000.0,1
4765899,76953.0,1488.0,1300.0,188.0,3685.0,5550.0,1865.0,Detached,Detached,1.0,2 Storey,Bungalow Raised,0.0,6.0,5.0,1.0,3.0,2.0,1.0,3.5,3.0,0.5,1,1,0.31731445,665500.0,2
4765899,77703.0,1488.0,1439.0,49.0,3685.0,3434.0,251.0,Detached,Detached,1.0,2 Storey,2 Storey,1.0,6.0,8.0,2.0,3.0,3.0,0.0,3.5,3.0,0.5,1,1,0.30441296,600000.0,3
4765948,77028.0,2131.0,2250.0,119.0,6864.0,4200.0,2664.0,Triplex,Detached,0.0,2 Storey,2 Storey,1.0,12.0,12.0,0.0,3.0,4.0,1.0,3.5,3.0,0.5,1,1,-0.55113405,665000.0,1
4765948,77388.0,2131.0,1700.0,431.0,6864.0,8840.0,1976.0,Triplex,Detached,0.0,2 Storey,2 Storey,1.0,12.0,14.0,2.0,3.0,6.0,3.0,3.5,2.5,1.0,1,1,-0.72351176,787000.0,2
4765948,78327.0,2131.0,1796.0,335.0,6864.0,2310.0,4554.0,Triplex,Semi Detached,0.0,2 Storey,2 Storey,1.0,12.0,12.0,0.0,3.0,6.0,3.0,3.5,2.0,1.5,1,1,-0.78553957,780000.0,3
4766326,121877.0,1109.0,1274.0,165.0,8398.0,6600.0,1798.0,Detached,Detached,1.0,Bungalow,Bungalow,1.0,6.0,5.0,1.0,3.0,2.0,1.0,1.0,0.0,1.0,1,1,0.6004554,530000.0,1
4766326,3259.0,1109.0,1191.0,82.0,8398.0,6600.0,1798.0,Detached,Detached,1.0,Bungalow,Bungalow,1.0,6.0,5.0,1.0,3.0,2.0,1.0,1.0,2.0,1.0,1,1,0.5464603,530000.0,2
4766326,78602.0,1109.0,1254.0,145.0,8398.0,5300.0,3098.0,Detached,Detached,1.0,Bungalow,Bungalow,1.0,6.0,7.0,1.0,3.0,3.0,0.0,1.0,2.0,1.0,1,1,0.35204723,550000.0,3
4766430,299993.0,1386.0,1070.0,316.0,,,,Condominium,Condominium,1.0,2 Storey,2 Storey,1.0,6.0,8.0,2.0,3.0,2.0,1.0,1.5,1.5,0.0,1,1,0.32799637,379500.0,1
4766430,298238.0,1386.0,1386.0,0.0,,,,Condominium,Condominium,1.0,2 Storey,2 Storey,1.0,6.0,10.0,4.0,3.0,4.0,1.0,1.5,2.5,1.0,1,1,-0.007894328,433000.0,2
4766430,298305.0,1386.0,1681.0,295.0,,,,Condominium,Condominium,1.0,2 Storey,2 Storey,1.0,6.0,9.0,3.0,3.0,3.0,0.0,1.5,1.5,0.0,1,1,-0.065661415,405000.0,3
4767066,87337.0,522.0,438.0,84.0,,,,Condominium,Condominium,1.0,1 Storey,,,4.0,4.0,0.0,1.0,1.0,0.0,1.0,1.0,0.0,1,1,0.18272798,240000.0,1
4767066,87306.0,522.0,615.0,93.0,,,,Condominium,Condominium,1.0,1 Storey,,,4.0,5.0,1.0,1.0,1.0,0.0,1.0,1.0,0.0,1,1,0.10935258,245000.0,2
4767066,277131.0,522.0,615.0,93.0,,,,Condominium,Condominium,1.0,1 Storey,,,4.0,4.0,0.0,1.0,1.0,0.0,1.0,1.0,0.0,1,1,0.10935258,362500.0,3
4768014,77494.0,1607.0,1716.0,109.0,3253.0,2346.0,907.0,Detached,Detached,1.0,2 Storey,2 Storey,1.0,6.0,6.0,0.0,3.0,3.0,0.0,3.5,4.0,0.5,1,1,0.5354697,705000.0,1
4768014,2669.0,1607.0,1646.0,39.0,3253.0,2460.0,793.0,Detached,Detached,1.0,2 Storey,2 Storey,1.0,6.0,7.0,1.0,3.0,3.0,0.0,3.5,3.0,0.5,1,1,0.51545256,680000.0,2
4768014,77678.0,1607.0,1651.0,44.0,3253.0,4264.0,1011.0,Detached,Detached,1.0,2 Storey,Bungalow,0.0,6.0,6.0,0.0,3.0,3.0,0.0,3.5,3.0,0.5,1,1,0.28604645,820000.0,3
4768037,114508.0,2755.0,1309.0,1446.0,6452.0,4356.0,2096.0,Duplex,Detached,0.0,2 Storey,2 Storey,1.0,12.0,13.0,1.0,7.0,4.0,3.0,2.0,2.0,0.0,1,1,-0.75129443,705000.0,1
4768037,108081.0,2755.0,787.0,1968.0,6452.0,4500.0,1952.0,Duplex,Detached,0.0,2 Storey,Bungalow,0.0,12.0,10.0,2.0,7.0,2.0,5.0,2.0,1.0,1.0,1,1,-0.7848405,477000.0,2
4768037,122039.0,2755.0,1701.0,1054.0,6452.0,2310.0,4142.0,Duplex,Detached,0.0,2 Storey,1.5 Storey,0.0,12.0,13.0,1.0,7.0,5.0,2.0,2.0,2.5,0.5,1,1,-0.82038504,520000.0,3
4768126,77661.0,1504.0,1696.0,192.0,2899.0,1960.0,939.0,Townhouse,Townhouse,1.0,2 Storey,2 Storey,1.0,6.0,8.0,2.0,3.0,3.0,0.0,2.5,3.0,0.5,1,1,0.17236209,630000.0,1
4768126,77192.0,1504.0,1750.0,246.0,2899.0,2450.0,449.0,Townhouse,Townhouse,1.0,2 Storey,2 Storey,1.0,6.0,10.0,4.0,3.0,3.0,0.0,2.5,3.0,0.5,1,1,-0.26903182,650000.0,2
4768126,78612.0,1504.0,2032.0,528.0,2899.0,2052.0,847.0,Townhouse,Townhouse,1.0,2 Storey,2 Storey,1.0,6.0,13.0,7.0,3.0,4.0,1.0,2.5,4.0,1.5,1,1,-0.43887973,765000.0,3
4768528,79006.0,1643.0,1750.0,107.0,2780.0,114.0,2666.0,Townhouse,Townhouse,1.0,2 Storey,2 Storey,1.0,7.0,6.0,1.0,4.0,3.0,1.0,2.5,3.0,0.5,1,1,0.5464603,579000.0,1
4768528,3316.0,1643.0,1750.0,107.0,2780.0,1960.0,820.0,Townhouse,Townhouse,1.0,2 Storey,2 Storey,1.0,7.0,7.0,0.0,4.0,3.0,1.0,2.5,3.0,0.5,1,1,0.5354697,582000.0,2
4768528,77687.0,1643.0,1656.0,13.0,2780.0,2420.0,360.0,Townhouse,Townhouse,1.0,2 Storey,2 Storey,1.0,7.0,6.0,1.0,4.0,3.0,1.0,2.5,3.0,0.5,1,1,0.51545256,610000.0,3
4769110,298105.0,1236.0,1135.0,101.0,,,,Condominium,Condominium,1.0,2 Storey,2 Storey,1.0,6.0,6.0,0.0,3.0,3.0,0.0,2.0,2.0,0.0,1,1,0.80911446,420000.0,1
4769110,299951.0,1236.0,1500.0,264.0,,,,Condominium,Condominium,1.0,2 Storey,2 Storey,1.0,6.0,7.0,1.0,3.0,4.0,1.0,2.0,2.0,0.0,1,1,0.7045416,434523.0,2
4769110,298695.0,1236.0,1260.0,24.0,,,,Condominium,Condominium,1.0,2 Storey,2 Storey,1.0,6.0,3.0,3.0,3.0,2.0,1.0,2.0,1.0,1.0,1,1,0.255987,751000.0,3
4769269,132695.0,1700.0,852.0,848.0,53143.2,10824.0,42319.2,Detached,Detached,1.0,Bungalow,Bungalow,1.0,6.0,8.0,2.0,2.0,3.0,1.0,2.0,2.0,0.0,0,1,0.3591161,450000.0,1
4769269,276366.0,1700.0,1550.0,150.0,53143.2,,,Detached,Detached,1.0,Bungalow,Bungalow,1.0,6.0,9.0,3.0,2.0,3.0,1.0,2.0,2.0,0.0,1,1,0.094109535,865000.0,2
4769269,126215.0,1700.0,1448.0,252.0,53143.2,,,Detached,Detached,1.0,Bungalow,Bungalow,1.0,6.0,11.0,5.0,2.0,5.0,3.0,2.0,2.5,0.5,0,1,-0.34509566,610000.0,3
4770115,155.0,1992.0,1975.0,17.0,7059.0,3100.0,3959.0,Detached,Detached,1.0,Bungalow,2 Storey,0.0,8.0,8.0,0.0,3.0,3.0,0.0,3.0,3.0,0.0,0,1,0.42023143,669900.0,1
4770115,78844.0,1992.0,1750.0,242.0,7059.0,386097.0,379038.0,Detached,Detached,1.0,Bungalow,Bungalow,1.0,8.0,6.0,2.0,3.0,3.0,0.0,3.0,3.0,0.0,1,1,0.3897085,745000.0,2
4770115,78092.0,1992.0,2142.0,150.0,7059.0,3300.0,3759.0,Detached,Detached,1.0,Bungalow,2 Storey,0.0,8.0,8.0,0.0,3.0,4.0,1.0,3.0,4.0,1.0,0,1,0.365477,639990.0,3
4770310,8.0,2242.0,1395.0,847.0,6480.0,7200.0,720.0,Detached,Detached,1.0,2 Storey,2 Storey,1.0,8.0,9.0,1.0,3.0,2.0,1.0,2.5,2.0,0.5,0,1,0.30190653,400000.0,1
4770310,77407.0,2242.0,2140.0,102.0,6480.0,3245.0,3235.0,Detached,Detached,1.0,2 Storey,2 Storey,1.0,8.0,10.0,2.0,3.0,5.0,2.0,2.5,3.0,0.5,1,1,0.26264864,535000.0,2
4770310,2825.0,2242.0,1250.0,992.0,6480.0,6632.93,152.9300000000003,Detached,Detached,1.0,2 Storey,2 Storey,1.0,8.0,6.0,2.0,3.0,3.0,0.0,2.5,2.0,0.5,0,1,-0.014472583,445000.0,3
4771029,98754.0,2231.68,1589.0,642.6799999999998,4477.824,4671.0,193.1760000000004,Detached,Detached,1.0,2 Storey,2 Storey,1.0,9.0,11.0,2.0,5.0,,,3.0,3.0,0.0,1,1,0.3830016,615000.0,1
4771029,285852.0,2231.68,1049.0,1182.6799999999998,4477.824,3552.0,925.8239999999996,Detached,Detached,1.0,2 Storey,2 Storey,1.0,9.0,10.0,1.0,5.0,3.0,2.0,3.0,2.0,1.0,1,1,0.3426311,485000.0,2
4771029,92105.0,2231.68,1039.0,1192.6799999999998,4477.824,3648.0,829.8239999999996,Detached,Detached,1.0,2 Storey,2 Storey,1.0,9.0,10.0,1.0,5.0,4.0,1.0,3.0,2.5,0.5,1,1,0.3426311,532500.0,3
4771097,2862.0,758.0,950.0,192.0,,,,Condominium,Condominium,1.0,1 Storey,,,5.0,7.0,2.0,2.0,2.0,0.0,1.0,2.0,1.0,0,1,-0.1531498,675000.0,1
4771097,144080.0,758.0,950.0,192.0,,,,Condominium,Condominium,1.0,1 Storey,,,5.0,7.0,2.0,2.0,2.0,0.0,1.0,0.0,1.0,0,1,-0.1531498,675000.0,2
4771097,77647.0,758.0,550.0,208.0,,,,Condominium,Condominium,1.0,1 Storey,,,5.0,7.0,2.0,2.0,1.0,1.0,1.0,1.0,0.0,1,1,-0.57819295,325000.0,3
4771641,91475.0,2115.0,2236.0,121.0,2744.82,3369.0,624.1800000000003,Detached,Detached,1.0,3 Storey,2 Storey,0.0,8.0,9.0,1.0,4.0,5.0,1.0,3.5,3.5,0.0,1,1,0.29806226,807000.0,1
4771641,98447.0,2115.0,1879.0,236.0,2744.82,4186.0,1441.1800000000003,Detached,Detached,1.0,3 Storey,2 Storey,0.0,8.0,9.0,1.0,4.0,3.0,1.0,3.5,2.5,1.0,1,1,0.28448075,710000.0,2
4771641,269516.0,2115.0,2043.0,72.0,2744.82,3225.0,480.1800000000003,Detached,Detached,1.0,3 Storey,2 Storey,0.0,8.0,8.0,0.0,4.0,3.0,1.0,3.5,2.5,1.0,1,1,0.1654361,726000.0,3
4772017,278519.0,1149.0,1189.0,40.0,3573.648,3326.0,247.64799999999968,Detached,Detached,1.0,Bi-Level,Bi-Level,1.0,6.0,5.0,1.0,3.0,5.0,2.0,2.0,3.0,1.0,1,1,0.51545256,575000.0,1
4772017,12347.0,1149.0,1105.0,44.0,3573.648,4391.0,817.3520000000003,Detached,Detached,1.0,Bi-Level,Bungalow,0.0,6.0,6.0,0.0,3.0,4.0,1.0,2.0,2.0,0.0,1,1,0.5143586,491000.0,2
4772017,205978.0,1149.0,1245.0,96.0,3573.648,5026.0,1452.3520000000003,Detached,Detached,1.0,Bi-Level,Split Level,0.0,6.0,5.0,1.0,3.0,4.0,1.0,2.0,3.0,1.0,1,1,0.4345462,538000.0,3
4772152,78857.0,1372.0,1130.0,242.0,4101.084,3466.0,635.0839999999998,Detached,Detached,1.0,2 Storey,2 Storey,1.0,8.0,9.0,1.0,3.0,3.0,0.0,1.5,1.5,0.0,1,1,0.7433801,600700.0,1
4772152,98624.0,1372.0,1030.0,342.0,4101.084,3659.0,442.08399999999983,Detached,Detached,1.0,2 Storey,2 Storey,1.0,8.0,9.0,1.0,3.0,,,1.5,1.5,0.0,1,1,0.57929987,541500.0,2
4772152,280380.0,1372.0,1531.0,159.0,4101.084,4337.0,235.91600000000017,Detached,Detached,1.0,2 Storey,2 Storey,1.0,8.0,9.0,1.0,3.0,3.0,0.0,1.5,2.5,1.0,1,1,0.5694477,655000.0,3
4773295,109974.0,1675.0,888.0,787.0,21780.0,12000.0,9780.0,Detached,Detached,1.0,1 Storey,Bungalow,0.0,6.0,6.0,0.0,2.0,2.0,0.0,1.5,1.0,0.5,0,1,-0.035066023,535000.0,1
4773295,107844.0,1675.0,1032.0,643.0,21780.0,23408.0,1628.0,Detached,Detached,1.0,1 Storey,Bungalow,0.0,6.0,7.0,1.0,2.0,3.0,1.0,1.5,1.0,0.5,1,1,-0.03902778,500000.0,2
4773295,138873.0,1675.0,900.0,775.0,21780.0,13821.0,7959.0,Detached,Detached,1.0,1 Storey,Bungalow,0.0,6.0,6.0,0.0,2.0,2.0,0.0,1.5,1.0,0.5,0,1,-0.06969277,490000.0,3
4773534,126304.0,2773.0,2217.0,556.0,217800.0,27756.0,190044.0,Detached,Detached,1.0,Split Level,1.5 Storey,0.0,8.0,11.0,3.0,4.0,3.0,1.0,2.5,2.0,0.5,0,1,-0.050557055,635000.0,1
4773534,206785.0,2773.0,1300.0,1473.0,217800.0,0.0,217800.0,Detached,Detached,1.0,Split Level,1.5 Storey,0.0,8.0,8.0,0.0,4.0,2.0,2.0,2.5,1.5,1.0,1,1,-0.061978783,725000.0,2
4773534,268523.0,2773.0,2800.0,27.0,217800.0,,,Detached,Detached,1.0,Split Level,Split Level,1.0,8.0,20.0,12.0,4.0,6.0,2.0,2.5,3.0,0.5,1,1,-0.18910073,977777.0,3
4773833,147012.0,2304.0,1197.0,1107.0,23046.0,4998.0,18048.0,Detached,Detached,1.0,2 Storey,Bungalow Raised,0.0,10.0,10.0,0.0,4.0,5.0,1.0,2.0,2.0,0.0,0,1,-0.3998736,590000.0,1
4773833,146924.0,2304.0,1410.0,894.0,23046.0,5292.0,17754.0,Detached,Detached,1.0,2 Storey,Bungalow,0.0,10.0,9.0,1.0,4.0,4.0,0.0,2.0,0.0,2.0,0,1,-0.9223707,580000.0,2
4773833,126352.0,2304.0,2300.0,4.0,23046.0,8763.0,14283.0,Detached,Detached,1.0,2 Storey,Bungalow,0.0,10.0,8.0,2.0,4.0,4.0,0.0,2.0,0.0,2.0,0,1,-1.0487498,625000.0,3
4775247,260508.0,1952.0,2129.0,177.0,10021.284,5248.0,4773.284,Detached,Detached,1.0,2 Storey,2 Storey,1.0,7.0,8.0,1.0,3.0,4.0,1.0,2.5,2.5,0.0,1,1,0.6062477,677500.0,1
4775247,50224.0,1952.0,2058.0,106.0,10021.284,11325.0,1303.7160000000003,Detached,Detached,1.0,2 Storey,2 Storey,1.0,7.0,7.0,0.0,3.0,3.0,0.0,2.5,2.5,0.0,1,1,0.5745938,670000.0,2
4775247,50259.0,1952.0,2392.0,440.0,10021.284,9147.0,874.2839999999997,Detached,Detached,1.0,2 Storey,2 Storey,1.0,7.0,9.0,2.0,3.0,3.0,0.0,2.5,2.5,0.0,1,1,0.5071157,744000.0,3
4775292,178462.0,2250.0,1863.0,387.0,435600.0,582008.0,146408.0,Detached,Detached,1.0,Bungalow,Bungalow,1.0,10.0,10.0,0.0,5.0,3.0,2.0,3.0,2.0,1.0,0,1,0.12935492,990000.0,1
4775292,261827.0,2250.0,2057.0,193.0,435600.0,,,Detached,Detached,1.0,Bungalow,Bungalow,1.0,10.0,12.0,2.0,5.0,3.0,2.0,3.0,2.0,1.0,1,1,0.09143834,1200000.0,2
4775292,203186.0,2250.0,1704.0,546.0,435600.0,452800.0,17200.0,Detached,Detached,1.0,Bungalow,2 Storey,0.0,10.0,11.0,1.0,5.0,3.0,2.0,3.0,2.5,0.5,0,1,-0.063849926,1080000.0,3
4775785,566.0,2138.0,1500.0,638.0,435600.0,38750.0,396850.0,Detached,Detached,1.0,2 Storey,2 Storey,1.0,10.0,10.0,0.0,5.0,3.0,2.0,2.0,2.0,0.0,0,1,0.24651657,830000.0,1
4775785,77021.0,2138.0,1750.0,388.0,435600.0,70400.0,365200.0,Detached,Detached,1.0,2 Storey,2 Storey,1.0,10.0,9.0,1.0,5.0,3.0,2.0,2.0,2.0,0.0,1,1,0.072957076,530000.0,2
4775785,77084.0,2138.0,900.0,1238.0,435600.0,2538.0,433062.0,Detached,Detached,1.0,2 Storey,1.5 Storey,0.0,10.0,6.0,4.0,5.0,2.0,3.0,2.0,1.0,1.0,1,1,0.0011061281,294900.0,3
4775892,214727.0,1178.0,1300.0,122.0,,,,Townhouse,Condominium,0.0,2 Storey,2 Storey,1.0,6.0,6.0,0.0,3.0,4.0,1.0,1.5,0.0,1.5,1,1,-0.78553957,582000.0,1
4775892,301893.0,1178.0,700.0,478.0,,,,Townhouse,Detached,0.0,2 Storey,2 Storey,1.0,6.0,7.0,1.0,3.0,5.0,2.0,1.5,0.0,1.5,1,1,-0.78553957,1031000.0,2
4775892,114636.0,1178.0,1533.0,355.0,,1752.0,,Townhouse,Detached,0.0,2 Storey,2 Storey,1.0,6.0,7.0,1.0,3.0,4.0,1.0,1.5,0.0,1.5,1,1,-0.78553957,740000.0,3
4776066,97572.0,2203.0,2123.0,80.0,3702.816,3756.0,53.1840000000002,Detached,Detached,1.0,2 Storey,2 Storey,1.0,9.0,9.0,0.0,3.0,3.0,0.0,2.5,2.5,0.0,1,1,0.80911446,730000.0,1
4776066,98045.0,2203.0,1989.0,214.0,3702.816,4165.0,462.1840000000002,Detached,Detached,1.0,2 Storey,2 Storey,1.0,9.0,10.0,1.0,3.0,3.0,0.0,2.5,2.5,0.0,1,1,0.68106693,688000.0,2
4776066,10129.0,2203.0,2505.0,302.0,3702.816,4693.0,990.1840000000002,Detached,Detached,1.0,2 Storey,2 Storey,1.0,9.0,9.0,0.0,3.0,4.0,1.0,2.5,2.5,0.0,1,1,0.62427765,823000.0,3
4776534,285686.0,3543.1,3550.0,6.900000000000091,7524.035999999999,10225.0,2700.964000000001,Detached,Detached,1.0,2 Storey,2 Storey,1.0,8.0,11.0,3.0,3.0,3.0,0.0,3.5,3.0,0.5,1,1,0.08778556,1530000.0,1
4776534,276138.0,3543.1,2666.0,877.0999999999999,7524.035999999999,15101.0,7576.964000000001,Detached,Detached,1.0,2 Storey,2 Storey,1.0,8.0,10.0,2.0,3.0,3.0,0.0,3.5,3.0,0.5,1,1,0.028265566,1225000.0,2
4776534,206615.0,3543.1,2331.0,1212.1,7524.035999999999,5597.0,1927.0359999999991,Detached,Detached,1.0,2 Storey,2 Storey,1.0,8.0,10.0,2.0,3.0,4.0,1.0,3.5,3.5,0.0,1,1,-0.04865974,1091000.0,3
4776574,91531.0,2352.0,2374.0,22.0,4768.0,3907.0,861.0,Detached,Detached,1.0,2 Storey,2 Storey,1.0,7.0,9.0,2.0,3.0,4.0,1.0,3.5,3.5,0.0,1,1,0.5998107,825000.0,1
4776574,98034.0,2352.0,1683.0,669.0,4768.0,4273.0,495.0,Detached,Detached,1.0,2 Storey,2 Storey,1.0,7.0,8.0,1.0,3.0,4.0,1.0,3.5,3.5,0.0,1,1,0.48060653,677500.0,2
4776574,269514.0,2352.0,2123.0,229.0,4768.0,4012.0,756.0,Detached,Detached,1.0,2 Storey,2 Storey,1.0,7.0,8.0,1.0,3.0,3.0,0.0,3.5,2.5,1.0,1,1,0.4671591,725500.0,3
4776648,77328.0,1050.0,1145.0,95.0,10014.0,7590.0,2424.0,Detached,Detached,1.0,1 Storey,Bungalow,0.0,5.0,6.0,1.0,4.0,3.0,1.0,2.0,2.0,0.0,1,1,0.5749288,482000.0,1
4776648,4112.0,1050.0,1500.0,450.0,10014.0,6000.0,4014.0,Detached,Detached,1.0,1 Storey,Bungalow Raised,0.0,5.0,8.0,3.0,4.0,2.0,2.0,2.0,2.0,0.0,1,1,-0.0023307353,580000.0,2
4776648,78260.0,1050.0,900.0,150.0,10014.0,7590.0,2424.0,Detached,Detached,1.0,1 Storey,Bungalow Raised,0.0,5.0,7.0,2.0,4.0,2.0,2.0,2.0,2.0,0.0,1,1,-0.025608733,529000.0,3
4777578,50259.0,2061.0,2392.0,331.0,9450.792,9147.0,303.79199999999946,Detached,Detached,1.0,2 Storey,2 Storey,1.0,9.0,9.0,0.0,3.0,3.0,0.0,3.5,2.5,1.0,1,1,0.5384916,744000.0,1
4777578,215494.0,2061.0,2342.0,281.0,9450.792,7840.0,1610.7919999999997,Detached,Detached,1.0,2 Storey,2 Storey,1.0,9.0,10.0,1.0,3.0,3.0,0.0,3.5,2.5,1.0,1,1,0.4653331,826000.0,2
4777578,97924.0,2061.0,2061.0,0.0,9450.792,10018.0,567.2080000000005,Detached,Detached,1.0,2 Storey,2 Storey,1.0,9.0,11.0,2.0,3.0,3.0,0.0,3.5,2.5,1.0,1,1,0.41230673,676500.0,3
4777828,279729.0,2385.0,2341.0,44.0,4919.0,,,,Detached,,2 Storey,2 Storey,1.0,,16.0,,,4.0,,,3.5,,1,1,0.0699714,1028890.0,1
4777828,208684.0,2385.0,1750.0,635.0,4919.0,5217.0,298.0,,Detached,,2 Storey,2 Storey,1.0,,7.0,,,3.0,,,0.0,,1,1,0.0693855,870000.0,2
4777828,189009.0,2385.0,2403.0,18.0,4919.0,4551.0,368.0,,Detached,,2 Storey,2 Storey,1.0,,10.0,,,4.0,,,0.0,,1,1,0.066421956,1070000.0,3
4778326,278935.0,1746.79,1747.0,0.2100000000000363,8169.875999999999,8169.0,0.8759999999992942,Detached,Detached,1.0,Split Level,Split Level,1.0,7.0,9.0,2.0,3.0,4.0,1.0,2.5,2.5,0.0,1,1,0.519168,813000.0,1
4778326,97949.0,1746.79,1816.0,69.21000000000004,8169.875999999999,7405.0,764.8759999999993,Detached,Detached,1.0,Split Level,Split Level,1.0,7.0,10.0,3.0,3.0,4.0,1.0,2.5,2.5,0.0,1,1,0.2953408,665000.0,2
4778326,266557.0,1746.79,1102.0,644.79,8169.875999999999,4994.0,3175.8759999999997,Detached,Detached,1.0,Split Level,Split Level,1.0,7.0,9.0,2.0,3.0,3.0,0.0,2.5,2.0,0.5,1,1,0.09252988,590000.0,3
4778535,284421.0,2002.104,1865.0,137.10400000000004,6243.12,4208.0,2035.12,Fourplex,Detached,0.0,Bi-Level,2 Storey,0.0,12.0,11.0,1.0,8.0,3.0,5.0,4.0,3.0,1.0,1,1,-0.529789,1220000.0,1
4778535,265869.0,2002.104,1908.0,94.10400000000004,6243.12,,,Fourplex,Townhouse,0.0,Bi-Level,3+ Storey,0.0,12.0,12.0,0.0,8.0,2.0,6.0,4.0,3.5,0.5,1,1,-0.64265037,715000.0,2
4778535,49625.0,2002.104,2137.0,134.89599999999996,6243.12,4682.0,1561.12,Fourplex,Detached,0.0,Bi-Level,2 Storey,0.0,12.0,,,8.0,4.0,4.0,4.0,4.0,0.0,1,1,-0.6790327,790000.0,3
4778557,207587.0,1290.0,1132.0,158.0,5791.0,3369.0,2422.0,Detached,Detached,1.0,Bungalow,2 Storey,0.0,5.0,7.0,2.0,2.0,3.0,1.0,3.0,2.5,0.5,1,1,-0.12706658,548000.0,1
4778557,93810.0,1290.0,1315.0,25.0,5791.0,4025.0,1766.0,Detached,Detached,1.0,Bungalow,2 Storey,0.0,5.0,8.0,3.0,2.0,4.0,2.0,3.0,2.5,0.5,1,1,-0.1630082,605000.0,2
4778557,215491.0,1290.0,1805.0,515.0,5791.0,5188.0,603.0,Detached,Detached,1.0,Bungalow,2 Storey,0.0,5.0,4.0,1.0,2.0,4.0,2.0,3.0,3.5,0.5,1,1,-0.16338319,680000.0,3
4778791,77278.0,678.0,550.0,128.0,,,,Condominium,Condominium,1.0,1 Storey,2 Storey,0.0,5.0,4.0,1.0,2.0,1.0,1.0,2.0,2.0,0.0,1,1,0.17911988,510000.0,1
4778791,78256.0,678.0,850.0,172.0,,,,Condominium,Condominium,1.0,1 Storey,,,5.0,7.0,2.0,2.0,2.0,0.0,2.0,1.0,1.0,1,1,-0.5200723,635000.0,2
4778791,77720.0,678.0,950.0,272.0,,,,Condominium,Condominium,1.0,1 Storey,,,5.0,6.0,1.0,2.0,2.0,0.0,2.0,1.0,1.0,1,1,-0.55148304,287000.0,3
4778794,77278.0,665.0,550.0,115.0,,,,Condominium,Condominium,1.0,1 Storey,2 Storey,0.0,5.0,4.0,1.0,2.0,1.0,1.0,2.0,2.0,0.0,1,1,0.17911988,510000.0,1
4778794,78256.0,665.0,850.0,185.0,,,,Condominium,Condominium,1.0,1 Storey,,,5.0,7.0,2.0,2.0,2.0,0.0,2.0,1.0,1.0,1,1,-0.5200723,635000.0,2
4778794,77720.0,665.0,950.0,285.0,,,,Condominium,Condominium,1.0,1 Storey,,,5.0,6.0,1.0,2.0,2.0,0.0,2.0,1.0,1.0,1,1,-0.55148304,287000.0,3
4778797,102028.0,584.0,550.0,34.0,,,,Condominium,Condominium,1.0,1 Storey,2 Storey,0.0,5.0,4.0,1.0,1.0,1.0,0.0,1.0,0.0,1.0,1,1,-0.16749895,510000.0,1
4778797,77278.0,584.0,550.0,34.0,,,,Condominium,Condominium,1.0,1 Storey,2 Storey,0.0,5.0,4.0,1.0,1.0,1.0,0.0,1.0,2.0,1.0,1,1,-0.16749895,510000.0,2
4778797,288732.0,584.0,1100.0,516.0,,,,Condominium,Condominium,1.0,1 Storey,2 Storey,0.0,5.0,8.0,3.0,1.0,2.0,1.0,1.0,0.0,1.0,1,1,-0.5700977,570000.0,3
4779669,273873.0,1451.0,1386.0,65.0,3625.0,,,Detached,Detached,1.0,2 Storey,2 Storey,1.0,6.0,10.0,4.0,3.0,4.0,1.0,1.5,1.5,0.0,1,1,0.029037498,580000.0,1
4779669,283423.0,1451.0,1500.0,49.0,3625.0,,,Detached,Detached,1.0,2 Storey,2 Storey,1.0,6.0,10.0,4.0,3.0,4.0,1.0,1.5,1.5,0.0,1,1,0.029037498,650000.0,2
4779669,139390.0,1451.0,1068.0,383.0,3625.0,3300.0,325.0,Detached,Detached,1.0,2 Storey,2 Storey,1.0,6.0,17.0,11.0,3.0,5.0,2.0,1.5,1.5,0.0,1,1,-0.028784536,525500.0,3
