orderID,subject_gla,subject_lot_size,subject_bedrooms,subject_bathrooms,subject_property_type,subject_stories,subject_effective_date,rank,probability_score,candidate_gla,candidate_lot_size,candidate_bedrooms,candidate_bathrooms,candidate_property_type,candidate_stories,candidate_sale_date,gla_difference,lot_size_difference,bedroom_difference,bathroom_difference,is_same_property_type,is_same_storey_type,sold_within_90_days,sold_within_180_days
4723364,1254.0,609840.0,3.0,1.5,Detached,2 Storey,2025-02-13,1,0.47600001096725464,1300.0,3636.0,3.0,2.0,Detached,2 Storey,2025-02-07,46.0,606204.0,0.0,0.5,1.0,1.0,1,1
4723364,1254.0,609840.0,3.0,1.5,Detached,2 Storey,2025-02-13,2,0.26100000739097595,3227.0,,5.0,3.5,Detached,2 Storey,2024-10-17,1973.0,,2.0,2.0,1.0,1.0,0,1
4723364,1254.0,609840.0,3.0,1.5,Detached,2 Storey,2025-02-13,3,0.18799999356269836,1210.0,101.0,2.0,2.0,Detached,Bungalow,2025-03-07,44.0,609739.0,1.0,0.5,1.0,0.0,1,1
4742669,839.592,4639.284,2.0,2.0,Detached,Bungalow,2025-03-24,1,0.9399999976158142,839.0,5392.0,3.0,2.0,Detached,Bungalow,2024-12-26,0.592,752.716,1.0,0.0,1.0,1.0,1,1
4742669,839.592,4639.284,2.0,2.0,Detached,Bungalow,2025-03-24,2,0.5299999713897705,1078.0,4994.0,5.0,2.0,Detached,Bungalow,2025-02-05,238.408,354.716,3.0,0.0,1.0,1.0,1,1
4742669,839.592,4639.284,2.0,2.0,Detached,Bungalow,2025-03-24,3,0.43700000643730164,850.0,5995.0,3.0,2.0,Detached,Bungalow,2024-12-25,10.408,1355.716,1.0,0.0,1.0,1.0,1,1
4752865,2974.0,6512.219999999999,4.0,2.5,Detached,2 Storey,2025-04-07,1,0.3370000123977661,1731.0,8049.3,3.0,2.5,Detached,,2025-01-20,1243.0,1537.08,1.0,0.0,1.0,,1,1
4752865,2974.0,6512.219999999999,4.0,2.5,Detached,2 Storey,2025-04-07,2,0.2199999988079071,2519.0,4199.4,3.0,2.5,Detached,,2025-02-09,455.0,2312.82,1.0,0.0,1.0,,1,1
4752865,2974.0,6512.219999999999,4.0,2.5,Detached,2 Storey,2025-04-07,3,0.20399999618530273,1400.0,4756.6,3.0,2.5,Detached,2 Storey,2025-04-12,1574.0,1755.62,1.0,0.0,1.0,1.0,1,1
4755196,2956.0,3601.0,4.0,3.5,Detached,2 Storey,2025-04-14,1,0.7850000262260437,2826.0,3168.0,4.0,4.0,Detached,2 Storey,2025-02-21,130.0,433.0,0.0,0.5,1.0,1.0,1,1
4755196,2956.0,3601.0,4.0,3.5,Detached,2 Storey,2025-04-14,2,0.7009999752044678,2953.0,,4.0,4.0,Detached,2 Storey,2025-03-08,3.0,,0.0,0.5,1.0,1.0,1,1
4755196,2956.0,3601.0,4.0,3.5,Detached,2 Storey,2025-04-14,3,0.6790000200271606,2500.0,5285.04,4.0,4.0,Detached,2 Storey,2025-01-24,456.0,1684.04,0.0,0.5,1.0,1.0,1,1
4756192,1109.0,,2.0,2.0,High Rise Apartment,1 Storey,2025-04-07,1,0.010999999940395355,1195.0,,2.0,2.0,Condominium,,2025-02-26,86.0,,0.0,0.0,0.0,,1,1
4756192,1109.0,,2.0,2.0,High Rise Apartment,1 Storey,2025-04-07,2,0.004000000189989805,1187.0,,2.0,2.0,Condominium,,2025-03-18,78.0,,0.0,0.0,0.0,,1,1
4756192,1109.0,,2.0,2.0,High Rise Apartment,1 Storey,2025-04-07,3,0.004000000189989805,1028.0,,2.0,2.0,Condominium,,2025-01-29,81.0,,0.0,0.0,0.0,,1,1
4756320,1580.0,3552.12,3.0,2.5,Detached,2 Storey,2025-04-04,1,0.9549999833106995,1378.0,2984.2,3.0,2.5,Detached,2 Storey,2025-04-08,202.0,567.92,0.0,0.0,1.0,1.0,1,1
4756320,1580.0,3552.12,3.0,2.5,Detached,2 Storey,2025-04-04,2,0.921999990940094,1441.0,4366.1,3.0,2.5,Detached,,2025-02-07,139.0,813.98,0.0,0.0,1.0,,1,1
4756320,1580.0,3552.12,3.0,2.5,Detached,2 Storey,2025-04-04,3,0.8550000190734863,1377.0,5194.2,3.0,2.5,Detached,2 Storey,2025-04-02,203.0,1642.08,0.0,0.0,1.0,1.0,1,1
4756829,1587.0,1868.0,3.0,3.5,Townhouse,2 Storey,2025-04-08,1,0.5329999923706055,1895.0,1860.0,3.0,3.0,Townhouse,2 Storey,2025-02-10,308.0,8.0,0.0,0.5,1.0,1.0,1,1
4756829,1587.0,1868.0,3.0,3.5,Townhouse,2 Storey,2025-04-08,2,0.31299999356269836,2150.0,1656.12,4.0,4.0,Townhouse,2 Storey,2025-02-04,563.0,211.88,1.0,0.5,1.0,1.0,1,1
4756829,1587.0,1868.0,3.0,3.5,Townhouse,2 Storey,2025-04-08,3,0.06199999898672104,1750.0,2750.0,3.0,0.0,Townhouse,2 Storey,2025-02-16,163.0,882.0,0.0,3.5,1.0,1.0,1,1
4757939,968.76,6738.263999999999,2.0,2.0,Detached,Bungalow,2025-04-07,1,0.8100000023841858,732.0,5974.0,3.0,2.0,Detached,Bungalow,2025-01-22,236.76,764.264,1.0,0.0,1.0,1.0,1,1
4757939,968.76,6738.263999999999,2.0,2.0,Detached,Bungalow,2025-04-07,2,0.6809999942779541,1094.0,6210.0,5.0,2.0,Detached,Bungalow,2025-01-07,125.24,528.264,3.0,0.0,1.0,1.0,1,1
4757939,968.76,6738.263999999999,2.0,2.0,Detached,Bungalow,2025-04-07,3,0.578000009059906,711.0,4499.0,2.0,1.0,Detached,Bungalow,2025-01-09,257.76,2239.264,0.0,1.0,1.0,1.0,1,1
4757966,1039.0,,2.0,2.0,Low Rise Apartment,1 Storey,2025-04-07,1,0.004000000189989805,954.0,,2.0,2.0,Condominium,,2025-04-04,85.0,,0.0,0.0,0.0,,1,1
4757966,1039.0,,2.0,2.0,Low Rise Apartment,1 Storey,2025-04-07,2,0.004000000189989805,955.0,,2.0,2.0,Condominium,,2025-04-09,84.0,,0.0,0.0,0.0,,1,1
4757966,1039.0,,2.0,2.0,Low Rise Apartment,1 Storey,2025-04-07,3,0.003000000026077032,951.0,,2.0,2.0,Condominium,,2025-02-21,88.0,,0.0,0.0,0.0,,1,1
4758025,2809.404,8191.404,4.0,3.5,Detached,2 Storey,2025-04-16,1,0.35100001096725464,3217.0,8514.0,5.0,4.5,Detached,2 Storey,2025-05-09,407.596,322.596,1.0,1.0,1.0,1.0,1,1
4758025,2809.404,8191.404,4.0,3.5,Detached,2 Storey,2025-04-16,2,0.3100000023841858,1524.0,6705.0,2.0,3.0,Detached,Bungalow,2025-03-25,1285.404,1486.404,2.0,0.5,1.0,0.0,1,1
4758025,2809.404,8191.404,4.0,3.5,Detached,2 Storey,2025-04-16,3,0.2809999883174896,2586.0,4768.0,4.0,3.5,Detached,2 Storey,2025-05-09,223.404,3423.404,0.0,0.0,1.0,1.0,1,1
4758316,789.0,,2.0,2.0,Condominium,1 Storey,2025-04-07,1,0.8709999918937683,881.0,,2.0,2.0,Condominium,,2025-02-07,92.0,,0.0,0.0,1.0,,1,1
4758316,789.0,,2.0,2.0,Condominium,1 Storey,2025-04-07,2,0.8399999737739563,876.0,,2.0,2.0,Condominium,,2025-02-13,87.0,,0.0,0.0,1.0,,1,1
4758316,789.0,,2.0,2.0,Condominium,1 Storey,2025-04-07,3,0.8360000252723694,881.0,,2.0,2.0,Condominium,,2025-02-13,92.0,,0.0,0.0,1.0,,1,1
4758324,1094.0,12600.0,3.0,2.0,Detached,1 Storey,2025-04-09,1,0.9309999942779541,1347.0,21357.0,2.0,2.0,Detached,1 Storey,2025-05-09,253.0,8757.0,1.0,0.0,1.0,1.0,1,1
4758324,1094.0,12600.0,3.0,2.0,Detached,1 Storey,2025-04-09,2,0.8069999814033508,1260.0,80150.0,3.0,1.5,Detached,1 Storey,2025-01-31,166.0,67550.0,0.0,0.5,1.0,1.0,1,1
4758324,1094.0,12600.0,3.0,2.0,Detached,1 Storey,2025-04-09,3,0.6539999842643738,1257.0,37535.0,3.0,2.0,Detached,Bungalow,2025-03-25,163.0,24935.0,0.0,0.0,1.0,0.0,1,1
4758529,1176.0,,2.0,2.0,High Rise Apartment,1 Storey,2025-04-08,1,0.0020000000949949026,850.0,,2.0,0.0,Condominium,1 Storey,2025-04-22,326.0,,0.0,2.0,0.0,1.0,1,1
4758529,1176.0,,2.0,2.0,High Rise Apartment,1 Storey,2025-04-08,2,0.0010000000474974513,1193.0,1092.0,3.0,0.0,Townhouse,2 Storey,2025-03-05,17.0,,1.0,2.0,0.0,0.0,1,1
4758529,1176.0,,2.0,2.0,High Rise Apartment,1 Storey,2025-04-08,3,0.0010000000474974513,1100.0,,2.0,0.0,Condominium,,2025-01-09,76.0,,0.0,2.0,0.0,,1,1
4758615,1334.0,3253.0,1.0,3.0,Townhouse,Bungalow,2025-04-08,1,0.7110000252723694,1484.0,2071.0,3.0,3.0,Townhouse,2 Storey,2025-02-18,150.0,1182.0,2.0,0.0,1.0,0.0,1,1
4758615,1334.0,3253.0,1.0,3.0,Townhouse,Bungalow,2025-04-08,2,0.12600000202655792,1561.0,1900.0,3.0,3.0,Townhouse,2 Storey,2025-02-21,227.0,1353.0,2.0,0.0,1.0,0.0,1,1
4758615,1334.0,3253.0,1.0,3.0,Townhouse,Bungalow,2025-04-08,3,0.014000000432133675,1393.0,3045.0,2.0,0.0,Townhouse,Bungalow,2025-01-31,59.0,208.0,1.0,3.0,1.0,1.0,1,1
4758672,2010.0,33661.0,3.0,2.5,Detached,2 Storey,2025-04-09,1,0.953000009059906,1693.0,28176.0,5.0,2.5,Detached,2 Storey,2025-01-17,317.0,5485.0,2.0,0.0,1.0,1.0,1,1
4758672,2010.0,33661.0,3.0,2.5,Detached,2 Storey,2025-04-09,2,0.7990000247955322,2011.0,1777250.0,3.0,2.5,Detached,2 Storey,2025-03-25,1.0,1743589.0,0.0,0.0,1.0,1.0,1,1
4758672,2010.0,33661.0,3.0,2.5,Detached,2 Storey,2025-04-09,3,0.75,1865.0,72922.0,3.0,3.0,Detached,2 Storey,2025-04-15,145.0,39261.0,0.0,0.5,1.0,1.0,1,1
4758996,1144.0,5823.324,3.0,1.5,Detached,Split Level,2025-04-09,1,0.902999997138977,1216.0,4133.0,3.0,2.0,Detached,,2025-05-04,72.0,1690.324,0.0,0.5,1.0,,1,1
4758996,1144.0,5823.324,3.0,1.5,Detached,Split Level,2025-04-09,2,0.8519999980926514,1148.0,4413.0,3.0,1.5,Detached,Bungalow,2025-03-19,4.0,1410.324,0.0,0.0,1.0,0.0,1,1
4758996,1144.0,5823.324,3.0,1.5,Detached,Split Level,2025-04-09,3,0.6690000295639038,991.0,4437.0,3.0,2.0,Detached,Bi-Level,2025-05-08,153.0,1386.324,0.0,0.5,1.0,0.0,1,1
4759024,2647.944,4929.911999999999,5.0,4.0,Detached,2 Storey,2025-04-07,1,0.9549999833106995,2338.0,3344.0,4.0,3.0,Detached,2 Storey,2025-03-03,309.944,1585.912,1.0,1.0,1.0,1.0,1,1
4759024,2647.944,4929.911999999999,5.0,4.0,Detached,2 Storey,2025-04-07,2,0.6790000200271606,2250.0,6534.0,4.0,3.5,Detached,2 Storey,2025-01-29,397.944,1604.088,1.0,0.5,1.0,1.0,1,1
4759024,2647.944,4929.911999999999,5.0,4.0,Detached,2 Storey,2025-04-07,3,0.5090000033378601,2270.0,4370.0,4.0,4.0,Detached,2 Storey,2025-01-20,377.944,559.912,1.0,0.0,1.0,1.0,1,1
4759088,1400.0,37374.0,3.0,2.0,Detached,Bungalow Raised,2025-04-11,1,0.859000027179718,864.0,48085.0,3.0,2.0,Detached,Split Level,2024-10-18,536.0,10711.0,0.0,0.0,1.0,0.0,0,1
4759088,1400.0,37374.0,3.0,2.0,Detached,Bungalow Raised,2025-04-11,2,0.8360000252723694,1026.0,43560.0,3.0,1.5,Detached,Bungalow,2024-11-01,374.0,6186.0,0.0,0.5,1.0,0.0,0,1
4759088,1400.0,37374.0,3.0,2.0,Detached,Bungalow Raised,2025-04-11,3,0.703000009059906,1350.0,30719.0,3.0,1.0,Detached,2 Storey,2024-11-28,50.0,6655.0,0.0,1.0,1.0,0.0,0,1
4759260,864.0,15936.0,3.0,1.0,Detached,1 Storey,2025-04-09,1,0.9229999780654907,625.0,68900.0,2.0,1.0,Detached,1 Storey,2025-03-21,239.0,52964.0,1.0,0.0,1.0,1.0,1,1
4759260,864.0,15936.0,3.0,1.0,Detached,1 Storey,2025-04-09,2,0.6800000071525574,1260.0,80150.0,3.0,1.5,Detached,1 Storey,2025-01-31,396.0,64214.0,0.0,0.5,1.0,1.0,1,1
4759260,864.0,15936.0,3.0,1.0,Detached,1 Storey,2025-04-09,3,0.4259999990463257,1620.0,6421.0,4.0,1.5,Detached,2 Storey,2024-11-15,756.0,9515.0,1.0,0.5,1.0,0.0,0,1
4759498,1774.0,3137.0,3.0,3.5,Detached,2 Storey,2025-04-08,1,0.765999972820282,1901.0,3640.0,3.0,3.0,Detached,2 Storey,2025-03-04,127.0,503.0,0.0,0.5,1.0,1.0,1,1
4759498,1774.0,3137.0,3.0,3.5,Detached,2 Storey,2025-04-08,2,0.3889999985694885,2176.0,3465.0,4.0,3.0,Detached,2 Storey,2025-02-20,402.0,328.0,1.0,0.5,1.0,1.0,1,1
4759498,1774.0,3137.0,3.0,3.5,Detached,2 Storey,2025-04-08,3,0.3100000023841858,1572.0,3248.0,3.0,3.0,Detached,2 Storey,2025-03-06,202.0,111.0,0.0,0.5,1.0,1.0,1,1
4759512,1795.0,6300.0,3.0,1.5,Detached,1.5 Storey,2025-04-09,1,0.9430000185966492,1685.0,4799.0,3.0,1.5,Detached,2 Storey,2025-05-08,110.0,1501.0,0.0,0.0,1.0,0.0,1,1
4759512,1795.0,6300.0,3.0,1.5,Detached,1.5 Storey,2025-04-09,2,0.3199999928474426,1423.0,5000.0,3.0,1.5,Detached,2 Storey,2025-04-10,372.0,1300.0,0.0,0.0,1.0,0.0,1,1
4759512,1795.0,6300.0,3.0,1.5,Detached,1.5 Storey,2025-04-09,3,0.27300000190734863,1363.0,3502.0,3.0,1.5,Detached,2 Storey,2025-02-13,432.0,2798.0,0.0,0.0,1.0,0.0,1,1
4759561,3137.0,14375.0,5.0,4.0,Duplex,2 Storey,2025-04-08,1,0.006000000052154064,1201.0,12916.0,1.0,2.0,Detached,Bungalow,2025-04-22,1936.0,1459.0,4.0,2.0,0.0,0.0,1,1
4759561,3137.0,14375.0,5.0,4.0,Duplex,2 Storey,2025-04-08,2,0.0020000000949949026,2462.0,0.0,4.0,3.5,Detached,2 Storey,2025-03-18,675.0,14375.0,1.0,0.5,0.0,1.0,1,1
4759561,3137.0,14375.0,5.0,4.0,Duplex,2 Storey,2025-04-08,3,0.0020000000949949026,3638.0,20912.0,3.0,4.5,Detached,2.5 Storey,2025-02-18,501.0,6537.0,2.0,0.5,0.0,0.0,1,1
4759562,1132.0,3500.0,3.0,1.5,Semi Detached,2 Storey,2025-04-08,1,0.8460000157356262,1536.0,4744.0,4.0,2.5,Semi Detached,2 Storey,2025-04-22,404.0,1244.0,1.0,1.0,1.0,1.0,1,1
4759562,1132.0,3500.0,3.0,1.5,Semi Detached,2 Storey,2025-04-08,2,0.746999979019165,1056.0,6323.0,3.0,2.5,Semi Detached,2 Storey,2025-04-28,76.0,2823.0,0.0,1.0,1.0,1.0,1,1
4759562,1132.0,3500.0,3.0,1.5,Semi Detached,2 Storey,2025-04-08,3,0.5979999899864197,1243.0,3257.0,3.0,1.5,Semi Detached,2 Storey,2025-04-30,111.0,243.0,0.0,0.0,1.0,1.0,1,1
4759604,1788.0,14232.0,3.0,1.5,Detached,2 Storey,2025-04-10,1,0.9850000143051147,1475.0,8100.0,3.0,1.5,Detached,2 Storey,2025-02-05,313.0,6132.0,0.0,0.0,1.0,1.0,1,1
4759604,1788.0,14232.0,3.0,1.5,Detached,2 Storey,2025-04-10,2,0.9729999899864197,1762.0,5733.0,4.0,1.5,Detached,2 Storey,2025-04-02,26.0,8499.0,1.0,0.0,1.0,1.0,1,1
4759604,1788.0,14232.0,3.0,1.5,Detached,2 Storey,2025-04-10,3,0.7250000238418579,1620.0,5000.0,4.0,2.0,Detached,2 Storey,2025-03-11,168.0,9232.0,1.0,0.5,1.0,1.0,1,1
4759647,2264.0,33943.0,4.0,2.5,Detached,2 Storey,2025-04-10,1,0.8809999823570251,1664.0,82700.0,3.0,2.5,Detached,2 Storey,2025-02-14,600.0,48757.0,1.0,0.0,1.0,1.0,1,1
4759647,2264.0,33943.0,4.0,2.5,Detached,2 Storey,2025-04-10,2,0.8629999756813049,2160.0,57400.0,4.0,2.5,Detached,2 Storey,2024-11-18,104.0,23457.0,0.0,0.0,1.0,1.0,0,1
4759647,2264.0,33943.0,4.0,2.5,Detached,2 Storey,2025-04-10,3,0.8360000252723694,1825.0,53687.0,3.0,2.5,Detached,2 Storey,2025-04-30,439.0,19744.0,1.0,0.0,1.0,1.0,1,1
4759723,2530.0,5987.0,3.0,3.5,Detached,2 Storey,2025-04-09,1,0.9660000205039978,2488.0,5433.78,4.0,3.5,Detached,2 Storey,2025-01-16,42.0,553.22,1.0,0.0,1.0,1.0,1,1
4759723,2530.0,5987.0,3.0,3.5,Detached,2 Storey,2025-04-09,2,0.42399999499320984,2703.0,4746.0,4.0,4.0,Detached,2 Storey,2025-02-10,173.0,1241.0,1.0,0.5,1.0,1.0,1,1
4759723,2530.0,5987.0,3.0,3.5,Detached,2 Storey,2025-04-09,3,0.052000001072883606,2108.0,2952.0,3.0,4.0,Detached,2 Storey,2025-02-07,422.0,3035.0,0.0,0.5,1.0,1.0,1,1
4759846,1637.0,6000.0,3.0,1.5,Detached,Split Level,2025-04-14,1,0.3449999988079071,1495.0,89232.0,3.0,1.5,Detached,,2025-04-09,142.0,83232.0,0.0,0.0,1.0,,1,1
4759846,1637.0,6000.0,3.0,1.5,Detached,Split Level,2025-04-14,2,0.3059999942779541,844.0,4321.0,1.0,1.0,Detached,Bungalow,2025-03-24,793.0,1679.0,2.0,0.5,1.0,0.0,1,1
4759846,1637.0,6000.0,3.0,1.5,Detached,Split Level,2025-04-14,3,0.2939999997615814,1510.0,5427.0,3.0,2.0,Detached,2 Storey,2025-04-21,127.0,573.0,0.0,0.5,1.0,0.0,1,1
4760530,2149.0,438082.92,4.0,3.5,Detached,Bungalow Raised,2025-04-14,1,0.013000000268220901,2750.0,4120.0,6.0,0.0,Detached,2 Storey,2025-03-24,601.0,433962.92,2.0,3.5,1.0,0.0,1,1
4760530,2149.0,438082.92,4.0,3.5,Detached,Bungalow Raised,2025-04-14,2,0.013000000268220901,1300.0,25520.0,2.0,0.0,Detached,Bungalow Raised,2025-01-01,849.0,412562.92,2.0,3.5,1.0,1.0,0,1
4760530,2149.0,438082.92,4.0,3.5,Detached,Bungalow Raised,2025-04-14,3,0.013000000268220901,3250.0,6489.0,7.0,0.0,Detached,2 Storey,2025-03-20,1101.0,431593.92,3.0,3.5,1.0,0.0,1,1
4760630,1840.0,1742.0,4.0,1.0,Townhouse,2.5 Storey,2025-04-10,1,0.9760000109672546,2250.0,2014.0,5.0,0.0,Townhouse,2.5 Storey,2025-01-20,410.0,272.0,1.0,1.0,1.0,1.0,1,1
4760630,1840.0,1742.0,4.0,1.0,Townhouse,2.5 Storey,2025-04-10,2,0.8560000061988831,1750.0,1785.0,5.0,0.0,Townhouse,2.5 Storey,2025-03-26,90.0,43.0,1.0,1.0,1.0,1.0,1,1
4760630,1840.0,1742.0,4.0,1.0,Townhouse,2.5 Storey,2025-04-10,3,0.7710000276565552,2000.0,2014.5,5.0,3.0,Townhouse,2.5 Storey,2025-01-20,160.0,272.5,1.0,2.0,1.0,1.0,1,1
4760651,1354.0,3250.0,3.0,1.5,Detached,2 Storey,2025-04-15,1,0.6520000100135803,960.0,9000.0,3.0,1.5,Detached,Bungalow,2025-04-14,394.0,5750.0,0.0,0.0,1.0,0.0,1,1
4760651,1354.0,3250.0,3.0,1.5,Detached,2 Storey,2025-04-15,2,0.30300000309944153,1268.0,9534.0,3.0,2.0,Detached,Split Level,2025-03-03,86.0,6284.0,0.0,0.5,1.0,0.0,1,1
4760651,1354.0,3250.0,3.0,1.5,Detached,2 Storey,2025-04-15,3,0.2529999911785126,913.0,14500.0,3.0,1.0,Detached,Bungalow,2025-04-11,441.0,11250.0,0.0,0.5,1.0,0.0,1,1
4760900,1573.4,4058.028,3.0,2.5,Detached,2 Storey,2025-04-10,1,0.9909999966621399,1731.0,2863.0,3.0,2.5,Detached,2 Storey,2025-02-04,157.6,1195.028,0.0,0.0,1.0,1.0,1,1
4760900,1573.4,4058.028,3.0,2.5,Detached,2 Storey,2025-04-10,2,0.9610000252723694,1522.0,2335.0,3.0,2.5,Detached,2 Storey,2025-05-03,51.4,1723.028,0.0,0.0,1.0,1.0,1,1
4760900,1573.4,4058.028,3.0,2.5,Detached,2 Storey,2025-04-10,3,0.9509999752044678,1440.0,2993.0,3.0,2.5,Detached,2 Storey,2025-05-07,133.4,1065.028,0.0,0.0,1.0,1.0,1,1
4761220,1525.0,2619.0,3.0,3.5,Semi Detached,2 Storey,2025-04-14,1,0.019999999552965164,1598.0,2460.0,3.0,0.0,Semi Detached,2 Storey,2025-03-28,73.0,159.0,0.0,3.5,1.0,1.0,1,1
4761220,1525.0,2619.0,3.0,3.5,Semi Detached,2 Storey,2025-04-14,2,0.017999999225139618,1750.0,2352.0,4.0,0.0,Detached,2 Storey,2025-03-18,225.0,267.0,1.0,3.5,0.0,1.0,1,1
4761220,1525.0,2619.0,3.0,3.5,Semi Detached,2 Storey,2025-04-14,3,0.010999999940395355,1750.0,2369.0,3.0,0.0,Townhouse,2 Storey,2025-01-14,225.0,250.0,0.0,3.5,0.0,1.0,1,1
4761433,2895.0,26700.0,4.0,3.0,Detached,1 Storey,2025-04-15,1,0.04800000041723251,2494.0,11029.0,5.0,4.0,Detached,2 Storey,2025-03-21,401.0,15671.0,1.0,1.0,1.0,0.0,1,1
4761433,2895.0,26700.0,4.0,3.0,Detached,1 Storey,2025-04-15,2,0.027000000700354576,1310.0,7000.0,4.0,2.0,Detached,Split Level,2025-05-01,1585.0,19700.0,0.0,1.0,1.0,0.0,1,1
4761433,2895.0,26700.0,4.0,3.0,Detached,1 Storey,2025-04-15,3,0.02500000037252903,1206.0,8776.0,4.0,2.5,Detached,Split Level,2025-01-31,1689.0,17924.0,0.0,0.5,1.0,0.0,1,1
4761446,1678.0,5663.0,3.0,2.0,Detached,Bungalow,2025-04-10,1,0.27300000190734863,1300.0,6600.0,3.0,2.0,Detached,2 Storey,2025-01-15,378.0,937.0,0.0,0.0,1.0,0.0,1,1
4761446,1678.0,5663.0,3.0,2.0,Detached,Bungalow,2025-04-10,2,0.2639999985694885,1335.0,6600.0,3.0,2.0,Detached,Split Level,2025-02-19,343.0,937.0,0.0,0.0,1.0,0.0,1,1
4761446,1678.0,5663.0,3.0,2.0,Detached,Bungalow,2025-04-10,3,0.12600000202655792,900.0,8250.0,2.0,2.0,Detached,Bungalow Raised,2025-01-25,778.0,2587.0,1.0,0.0,1.0,0.0,1,1
4761696,1751.0,3358.0,3.0,2.5,Townhouse,2 Storey,2025-04-14,1,0.7889999747276306,1696.0,1960.0,3.0,3.0,Townhouse,2 Storey,2025-02-10,55.0,1398.0,0.0,0.5,1.0,1.0,1,1
4761696,1751.0,3358.0,3.0,2.5,Townhouse,2 Storey,2025-04-14,2,0.25,,1470.0,2.0,3.0,Townhouse,2 Storey,2025-02-05,,1888.0,1.0,0.5,1.0,1.0,1,1
4761696,1751.0,3358.0,3.0,2.5,Townhouse,2 Storey,2025-04-14,3,0.09000000357627869,1726.0,3267.0,3.0,0.0,Semi Detached,2 Storey,2025-01-16,25.0,91.0,0.0,2.5,0.0,1.0,1,1
4762154,1523.0,,2.0,2.0,Condominium,1 Storey,2025-04-15,1,0.3089999854564667,1463.0,,2.0,2.0,Condominium,,2025-05-13,60.0,,0.0,0.0,1.0,,1,1
4762154,1523.0,,2.0,2.0,Condominium,1 Storey,2025-04-15,2,0.26899999380111694,989.0,,2.0,2.0,Condominium,1 Storey,2025-03-07,534.0,,0.0,0.0,1.0,1.0,1,1
4762154,1523.0,,2.0,2.0,Condominium,1 Storey,2025-04-15,3,0.13300000131130219,1010.0,,2.0,2.0,Condominium,1 Storey,2025-05-13,513.0,,0.0,0.0,1.0,1.0,1,1
4762330,2456.0,5909.436,4.0,2.5,Detached,2 Storey,2025-04-14,1,0.9430000185966492,2323.0,5244.0,4.0,3.0,Detached,2 Storey,2025-01-21,133.0,665.436,0.0,0.5,1.0,1.0,1,1
4762330,2456.0,5909.436,4.0,2.5,Detached,2 Storey,2025-04-14,2,0.9259999990463257,2242.0,19589.0,4.0,2.5,Detached,2 Storey,2025-04-16,214.0,13679.564,0.0,0.0,1.0,1.0,1,1
4762330,2456.0,5909.436,4.0,2.5,Detached,2 Storey,2025-04-14,3,0.8519999980926514,2527.0,4968.0,4.0,3.5,Detached,2 Storey,2025-02-22,71.0,941.436,0.0,1.0,1.0,1.0,1,1
4762406,3332.0,42495.0,5.0,2.5,Detached,1.5 Storey,2025-04-17,1,0.48399999737739563,644.0,30811.0,3.0,1.5,Detached,1.5 Storey,2024-12-11,2688.0,11684.0,2.0,1.0,1.0,1.0,0,1
4762406,3332.0,42495.0,5.0,2.5,Detached,1.5 Storey,2025-04-17,2,0.1770000010728836,1522.0,54014.0,4.0,1.5,Detached,1.5 Storey,2025-01-03,1810.0,11519.0,1.0,1.0,1.0,1.0,0,1
4762406,3332.0,42495.0,5.0,2.5,Detached,1.5 Storey,2025-04-17,3,0.09300000220537186,1504.0,49455.0,3.0,2.0,Detached,1 Storey,2024-10-28,1828.0,6960.0,2.0,0.5,1.0,0.0,0,1
4762597,1044.0,,3.0,1.5,Townhouse,2 Storey,2025-04-11,1,0.024000000208616257,1100.0,,3.0,1.0,Condominium,2 Storey,2025-02-05,56.0,,0.0,0.5,0.0,1.0,1,1
4762597,1044.0,,3.0,1.5,Townhouse,2 Storey,2025-04-11,2,0.012000000104308128,1252.0,3775.5,3.0,1.5,Semi Detached,2 Storey,2025-01-29,208.0,,0.0,0.0,0.0,1.0,1,1
4762597,1044.0,,3.0,1.5,Townhouse,2 Storey,2025-04-11,3,0.009999999776482582,1100.0,,3.0,2.0,Condominium,2 Storey,2025-02-14,56.0,,0.0,0.5,0.0,1.0,1,1
4762739,1500.0,72745.0,3.0,2.5,Detached,1.5 Storey,2025-04-17,1,0.8550000190734863,1130.0,35810.0,2.0,2.0,Detached,1.5 Storey,2025-04-04,370.0,36935.0,1.0,0.5,1.0,1.0,1,1
4762739,1500.0,72745.0,3.0,2.5,Detached,1.5 Storey,2025-04-17,2,0.13699999451637268,1100.0,21446.0,3.0,2.0,Detached,2 Storey,2024-12-13,400.0,51299.0,0.0,0.5,1.0,0.0,0,1
4762739,1500.0,72745.0,3.0,2.5,Detached,1.5 Storey,2025-04-17,3,0.10700000077486038,1092.0,29832.0,3.0,2.0,Detached,Split Level,2024-12-09,408.0,42913.0,0.0,0.5,1.0,0.0,0,1
4763065,3000.0,20174.0,4.0,2.5,Detached,2 Storey,2025-05-01,1,0.7639999985694885,2600.0,3978.0,4.0,3.5,Detached,2 Storey,2025-03-24,400.0,16196.0,0.0,1.0,1.0,1.0,1,1
4763065,3000.0,20174.0,4.0,2.5,Detached,2 Storey,2025-05-01,2,0.6620000004768372,3420.0,5733.0,4.0,3.5,Detached,2 Storey,2025-02-21,420.0,14441.0,0.0,1.0,1.0,1.0,1,1
4763065,3000.0,20174.0,4.0,2.5,Detached,2 Storey,2025-05-01,3,0.6539999842643738,2496.0,15456.0,5.0,2.5,Detached,2 Storey,2025-01-17,504.0,4718.0,1.0,0.0,1.0,1.0,0,1
4763086,1283.0,54450.0,2.0,3.0,Detached,Bungalow,2025-04-15,1,0.6159999966621399,1975.0,3100.0,3.0,3.0,Detached,2 Storey,2025-01-21,692.0,51350.0,1.0,0.0,1.0,0.0,1,1
4763086,1283.0,54450.0,2.0,3.0,Detached,Bungalow,2025-04-15,2,0.6029999852180481,1750.0,386097.0,3.0,3.0,Detached,Bungalow,2025-03-07,467.0,331647.0,1.0,0.0,1.0,1.0,1,1
4763086,1283.0,54450.0,2.0,3.0,Detached,Bungalow,2025-04-15,3,0.40700000524520874,1522.0,8800.0,2.0,3.0,Detached,,2025-01-31,239.0,45650.0,0.0,0.0,1.0,,1,1
4763087,1530.0,,3.0,2.0,Condominium,1 Storey,2025-04-17,1,0.7390000224113464,1553.0,,2.0,2.0,Condominium,1 Storey,2025-02-18,23.0,,1.0,0.0,1.0,1.0,1,1
4763087,1530.0,,3.0,2.0,Condominium,1 Storey,2025-04-17,2,0.6370000243186951,1582.0,,3.0,2.0,Condominium,1 Storey,2025-05-13,52.0,,0.0,0.0,1.0,1.0,1,1
4763087,1530.0,,3.0,2.0,Condominium,1 Storey,2025-04-17,3,0.3529999852180481,1510.0,,2.0,2.0,Condominium,,2025-05-09,20.0,,1.0,0.0,1.0,,1,1
4763606,1634.0,,4.0,2.5,Townhouse,2 Storey,2025-04-17,1,0.7559999823570251,1450.0,2750.0,3.0,2.0,Townhouse,2 Storey,2025-03-07,184.0,,1.0,0.5,1.0,1.0,1,1
4763606,1634.0,,4.0,2.5,Townhouse,2 Storey,2025-04-17,2,0.25,1200.0,,3.0,1.5,Townhouse,2 Storey,2025-02-14,434.0,,1.0,1.0,1.0,1.0,1,1
4763606,1634.0,,4.0,2.5,Townhouse,2 Storey,2025-04-17,3,0.008999999612569809,1672.0,25675.0,3.0,0.0,Townhouse,2 Storey,2025-01-29,38.0,,1.0,2.5,1.0,1.0,1,1
4763898,1170.0,7541.0,2.0,1.5,Detached,1.5 Storey,2025-04-23,1,0.921999990940094,1215.0,10030.0,3.0,1.0,Detached,Bungalow,2025-01-31,45.0,2489.0,1.0,0.5,1.0,0.0,1,1
4763898,1170.0,7541.0,2.0,1.5,Detached,1.5 Storey,2025-04-23,2,0.8960000276565552,1152.0,5000.0,3.0,1.0,Detached,2 Storey,2025-04-21,18.0,2541.0,1.0,0.5,1.0,0.0,1,1
4763898,1170.0,7541.0,2.0,1.5,Detached,1.5 Storey,2025-04-23,3,0.6729999780654907,1524.0,6000.0,4.0,1.5,Detached,2 Storey,2025-02-19,354.0,1541.0,2.0,0.0,1.0,0.0,1,1
4764028,1822.0,911.0,3.0,2.5,Townhouse,3+ Storey,2025-04-16,1,0.012000000104308128,1750.0,1800.0,6.0,0.0,Townhouse,3 Storey,2025-04-08,72.0,889.0,3.0,2.5,1.0,0.0,1,1
4764028,1822.0,911.0,3.0,2.5,Townhouse,3+ Storey,2025-04-16,2,0.00800000037997961,2644.0,1980.0,5.0,0.0,Townhouse,3 Storey,2025-01-25,822.0,1069.0,2.0,2.5,1.0,0.0,1,1
4764028,1822.0,911.0,3.0,2.5,Townhouse,3+ Storey,2025-04-16,3,0.007000000216066837,2817.0,1980.0,5.0,3.0,Townhouse,3 Storey,2025-01-25,995.0,1069.0,2.0,0.5,1.0,0.0,1,1
4764094,1746.0,6825.0,3.0,2.5,Detached,Split Level,2025-04-16,1,0.5669999718666077,1916.0,16865.0,4.0,3.0,Detached,Split Level,2025-04-02,170.0,10040.0,1.0,0.5,1.0,1.0,1,1
4764094,1746.0,6825.0,3.0,2.5,Detached,Split Level,2025-04-16,2,0.3190000057220459,1621.0,5200.0,4.0,3.5,Detached,2 Storey,2025-04-15,125.0,1625.0,1.0,1.0,1.0,0.0,1,1
4764094,1746.0,6825.0,3.0,2.5,Detached,Split Level,2025-04-16,3,0.27000001072883606,1110.0,6692.0,3.0,2.0,Detached,Split Level,2025-03-20,636.0,133.0,0.0,0.5,1.0,1.0,1,1
4764103,1602.0,3694.0,2.0,3.0,Semi Detached,2 Storey,2025-04-16,1,0.3240000009536743,1561.0,3872.0,3.0,0.0,Detached,2 Storey,2025-02-27,41.0,178.0,1.0,3.0,0.0,1.0,1,1
4764103,1602.0,3694.0,2.0,3.0,Semi Detached,2 Storey,2025-04-16,2,0.035999998450279236,2673.0,3875.0,4.0,0.0,Detached,2 Storey,2025-03-14,1071.0,181.0,2.0,3.0,0.0,1.0,1,1
4764103,1602.0,3694.0,2.0,3.0,Semi Detached,2 Storey,2025-04-16,3,0.03200000151991844,2750.0,4000.0,5.0,0.0,Detached,2 Storey,2025-03-24,1148.0,306.0,3.0,3.0,0.0,1.0,1,1
4765154,1840.0,7007.0,4.0,2.5,Detached,Split Level,2025-04-22,1,0.9620000123977661,1750.0,4888.0,3.0,2.0,Detached,Split Level,2025-03-05,90.0,2119.0,1.0,0.5,1.0,1.0,1,1
4765154,1840.0,7007.0,4.0,2.5,Detached,Split Level,2025-04-22,2,0.11800000071525574,900.0,8250.0,2.0,2.0,Detached,Bungalow Raised,2025-01-25,940.0,1243.0,2.0,0.5,1.0,0.0,1,1
4765154,1840.0,7007.0,4.0,2.5,Detached,Split Level,2025-04-22,3,0.08900000154972076,2250.0,6540.0,4.0,0.0,Detached,2 Storey,2025-01-30,410.0,467.0,0.0,2.5,1.0,0.0,1,1
4765502,1845.0,10570.0,4.0,1.5,Detached,1.5 Storey,2025-04-22,1,0.8029999732971191,1379.0,5076.0,3.0,2.0,Detached,Bungalow,2024-12-14,466.0,5494.0,1.0,0.5,1.0,0.0,0,1
4765502,1845.0,10570.0,4.0,1.5,Detached,1.5 Storey,2025-04-22,2,0.017000000923871994,1325.0,,3.0,0.0,Detached,Split Level,2025-01-14,520.0,,1.0,1.5,1.0,0.0,0,1
4765502,1845.0,10570.0,4.0,1.5,Detached,1.5 Storey,2025-04-22,3,0.008999999612569809,900.0,,3.0,0.0,Detached,Split Level,2024-11-28,945.0,,1.0,1.5,1.0,0.0,0,1
4765899,1488.0,3685.0,3.0,3.5,Detached,2 Storey,2025-04-16,1,0.8560000061988831,1807.0,4200.0,3.0,3.0,Detached,2 Storey,2025-02-24,319.0,515.0,0.0,0.5,1.0,1.0,1,1
4765899,1488.0,3685.0,3.0,3.5,Detached,2 Storey,2025-04-16,2,0.2549999952316284,1439.0,3434.0,3.0,3.0,Detached,2 Storey,2025-02-07,49.0,251.0,0.0,0.5,1.0,1.0,1,1
4765899,1488.0,3685.0,3.0,3.5,Detached,2 Storey,2025-04-16,3,0.12999999523162842,1300.0,8625.0,2.0,3.0,Detached,Bungalow Raised,2025-02-10,188.0,4940.0,1.0,0.5,1.0,0.0,1,1
4765948,2131.0,6864.0,3.0,3.5,Triplex,2 Storey,2025-04-24,1,0.0560000017285347,1700.0,8840.0,6.0,2.5,Detached,2 Storey,2025-02-14,431.0,1976.0,3.0,1.0,0.0,1.0,1,1
4765948,2131.0,6864.0,3.0,3.5,Triplex,2 Storey,2025-04-24,2,0.017999999225139618,2750.0,122.0,4.0,4.0,Detached,2 Storey,2025-03-11,619.0,6742.0,1.0,0.5,0.0,1.0,1,1
4765948,2131.0,6864.0,3.0,3.5,Triplex,2 Storey,2025-04-24,3,0.004999999888241291,2250.0,4200.0,4.0,3.0,Detached,2 Storey,2025-02-22,119.0,2664.0,1.0,0.5,0.0,1.0,1,1
4766326,1109.0,8398.0,3.0,1.0,Detached,Bungalow,2025-04-23,1,0.9210000038146973,1191.0,6600.0,2.0,2.0,Detached,Bungalow,2025-01-31,82.0,1798.0,1.0,1.0,1.0,1.0,1,1
4766326,1109.0,8398.0,3.0,1.0,Detached,Bungalow,2025-04-23,2,0.9089999794960022,1274.0,6600.0,2.0,0.0,Detached,Bungalow,2025-01-31,165.0,1798.0,1.0,1.0,1.0,1.0,1,1
4766326,1109.0,8398.0,3.0,1.0,Detached,Bungalow,2025-04-23,3,0.6570000052452087,1175.0,5500.0,3.0,2.0,Detached,Bungalow,2025-02-14,66.0,2898.0,0.0,1.0,1.0,1.0,1,1
4766430,1386.0,,3.0,1.5,Condominium,2 Storey,2025-04-23,1,0.718999981880188,1070.0,,2.0,1.5,Condominium,2 Storey,2025-04-16,316.0,,1.0,0.0,1.0,1.0,1,1
4766430,1386.0,,3.0,1.5,Condominium,2 Storey,2025-04-23,2,0.26499998569488525,1280.0,,3.0,1.5,Condominium,1 Storey,2025-02-05,106.0,,0.0,0.0,1.0,0.0,1,1
4766430,1386.0,,3.0,1.5,Condominium,2 Storey,2025-04-23,3,0.24899999797344208,1386.0,,4.0,2.5,Condominium,2 Storey,2025-03-06,0.0,,1.0,1.0,1.0,1.0,1,1
4767066,522.0,,1.0,1.0,High Rise Apartment,1 Storey,2025-04-21,1,0.017000000923871994,614.0,,1.0,1.0,Condominium,,2025-04-29,92.0,,0.0,0.0,0.0,,1,1
4767066,522.0,,1.0,1.0,High Rise Apartment,1 Storey,2025-04-21,2,0.004999999888241291,442.0,,1.0,1.0,Condominium,,2025-02-04,80.0,,0.0,0.0,0.0,,1,1
4767066,522.0,,1.0,1.0,High Rise Apartment,1 Storey,2025-04-21,3,0.004999999888241291,601.0,,1.0,1.0,Condominium,,2025-04-16,79.0,,0.0,0.0,0.0,,1,1
4768014,1607.0,3253.0,3.0,3.5,Detached,2 Storey,2025-04-21,1,0.9589999914169312,1716.0,2346.0,3.0,4.0,Detached,2 Storey,2025-02-12,109.0,907.0,0.0,0.5,1.0,1.0,1,1
4768014,1607.0,3253.0,3.0,3.5,Detached,2 Storey,2025-04-21,2,0.9300000071525574,1646.0,2460.0,3.0,3.0,Detached,2 Storey,2025-01-30,39.0,793.0,0.0,0.5,1.0,1.0,1,1
4768014,1607.0,3253.0,3.0,3.5,Detached,2 Storey,2025-04-21,3,0.5239999890327454,1651.0,4264.0,3.0,3.0,Detached,Bungalow,2025-02-05,44.0,1011.0,0.0,0.5,1.0,0.0,1,1
4768037,2755.0,6452.0,7.0,2.0,Duplex,2 Storey,2025-04-21,1,0.0430000014603138,1300.0,6767.0,3.0,0.0,Detached,1.5 Storey,2025-03-25,1455.0,315.0,4.0,2.0,0.0,0.0,1,1
4768037,2755.0,6452.0,7.0,2.0,Duplex,2 Storey,2025-04-21,2,0.032999999821186066,3250.0,6534.0,6.0,0.0,Detached,2 Storey,2025-02-14,495.0,82.0,1.0,2.0,0.0,1.0,1,1
4768037,2755.0,6452.0,7.0,2.0,Duplex,2 Storey,2025-04-21,3,0.023000000044703484,900.0,6240.0,3.0,0.0,Detached,Bungalow,2025-03-30,1855.0,212.0,4.0,2.0,0.0,0.0,1,1
4768126,1504.0,2899.0,3.0,2.5,Townhouse,2 Storey,2025-04-23,1,0.10599999874830246,2139.0,2646.0,5.0,0.0,Townhouse,2 Storey,2025-02-27,635.0,253.0,2.0,2.5,1.0,1.0,1,1
4768126,1504.0,2899.0,3.0,2.5,Townhouse,2 Storey,2025-04-23,2,0.07599999755620956,1696.0,1960.0,3.0,3.0,Townhouse,2 Storey,2025-02-10,192.0,939.0,0.0,0.5,1.0,1.0,1,1
4768126,1504.0,2899.0,3.0,2.5,Townhouse,2 Storey,2025-04-23,3,0.02199999988079071,1488.0,2592.0,2.0,2.0,Semi Detached,2 Storey,2025-03-04,16.0,307.0,1.0,0.5,0.0,1.0,1,1
4768528,1643.0,2780.0,4.0,2.5,Townhouse,2 Storey,2025-04-24,1,0.9409999847412109,1750.0,1960.0,3.0,3.0,Townhouse,2 Storey,2025-01-31,107.0,820.0,1.0,0.5,1.0,1.0,1,1
4768528,1643.0,2780.0,4.0,2.5,Townhouse,2 Storey,2025-04-24,2,0.8510000109672546,1656.0,2420.0,3.0,3.0,Townhouse,2 Storey,2025-02-09,13.0,360.0,1.0,0.5,1.0,1.0,1,1
4768528,1643.0,2780.0,4.0,2.5,Townhouse,2 Storey,2025-04-24,3,0.7670000195503235,1750.0,114.0,3.0,3.0,Townhouse,2 Storey,2025-03-11,107.0,2666.0,1.0,0.5,1.0,1.0,1,1
4769110,1236.0,,3.0,2.0,Condominium,2 Storey,2025-04-29,1,0.9459999799728394,1135.0,,3.0,2.0,Condominium,2 Storey,2025-03-07,101.0,,0.0,0.0,1.0,1.0,1,1
4769110,1236.0,,3.0,2.0,Condominium,2 Storey,2025-04-29,2,0.9190000295639038,1260.0,,2.0,1.0,Condominium,2 Storey,2025-01-30,24.0,,1.0,1.0,1.0,1.0,1,1
4769110,1236.0,,3.0,2.0,Condominium,2 Storey,2025-04-29,3,0.8920000195503235,1500.0,,4.0,2.0,Condominium,2 Storey,2025-04-15,264.0,,1.0,0.0,1.0,1.0,1,1
4769269,1700.0,53143.2,2.0,2.0,Detached,Bungalow,2025-04-23,1,0.32499998807907104,1550.0,,3.0,2.0,Detached,Bungalow,2025-04-24,150.0,,1.0,0.0,1.0,1.0,1,1
4769269,1700.0,53143.2,2.0,2.0,Detached,Bungalow,2025-04-23,2,0.18799999356269836,1448.0,,5.0,2.5,Detached,Bungalow,2024-11-06,252.0,,3.0,0.5,1.0,1.0,0,1
4769269,1700.0,53143.2,2.0,2.0,Detached,Bungalow,2025-04-23,3,0.14900000393390656,852.0,10824.0,3.0,2.0,Detached,Bungalow,2024-11-29,848.0,42319.2,1.0,0.0,1.0,1.0,0,1
4770115,1992.0,7059.0,3.0,3.0,Detached,Bungalow,2025-04-30,1,0.8830000162124634,1750.0,386097.0,3.0,3.0,Detached,Bungalow,2025-03-07,242.0,379038.0,0.0,0.0,1.0,1.0,1,1
4770115,1992.0,7059.0,3.0,3.0,Detached,Bungalow,2025-04-30,2,0.8119999766349792,1975.0,3100.0,3.0,3.0,Detached,2 Storey,2025-01-21,17.0,3959.0,0.0,0.0,1.0,0.0,0,1
4770115,1992.0,7059.0,3.0,3.0,Detached,Bungalow,2025-04-30,3,0.4749999940395355,2142.0,3300.0,4.0,4.0,Detached,2 Storey,2025-01-27,150.0,3759.0,1.0,1.0,1.0,0.0,0,1
4770310,2242.0,6480.0,3.0,2.5,Detached,2 Storey,2025-04-30,1,0.9139999747276306,1395.0,7200.0,2.0,2.0,Detached,2 Storey,2025-01-28,847.0,720.0,1.0,0.5,1.0,1.0,0,1
4770310,2242.0,6480.0,3.0,2.5,Detached,2 Storey,2025-04-30,2,0.5950000286102295,700.0,6000.0,2.0,1.0,Detached,Bungalow,2025-01-07,1542.0,480.0,1.0,1.5,1.0,0.0,0,1
4770310,2242.0,6480.0,3.0,2.5,Detached,2 Storey,2025-04-30,3,0.3540000021457672,2140.0,3245.0,5.0,3.0,Detached,2 Storey,2025-02-14,102.0,3235.0,2.0,0.5,1.0,1.0,1,1
4771029,2231.68,4477.824,5.0,3.0,Detached,2 Storey,2025-04-28,1,0.4950000047683716,1056.0,2852.0,3.0,2.0,Detached,2 Storey,2025-04-19,1175.68,1625.824,2.0,1.0,1.0,1.0,1,1
4771029,2231.68,4477.824,5.0,3.0,Detached,2 Storey,2025-04-28,2,0.4830000102519989,1923.0,4036.0,5.0,4.5,Detached,2 Storey,2025-03-11,308.68,441.824,0.0,1.5,1.0,1.0,1,1
4771029,2231.68,4477.824,5.0,3.0,Detached,2 Storey,2025-04-28,3,0.3319999873638153,981.0,2820.0,3.0,2.0,Detached,Split Level,2025-02-05,1250.68,1657.824,2.0,1.0,1.0,0.0,1,1
4771097,758.0,,2.0,1.0,Condominium,1 Storey,2025-04-25,1,0.0560000017285347,950.0,,2.0,2.0,Condominium,,2025-01-07,192.0,,0.0,1.0,1.0,,0,1
4771097,758.0,,2.0,1.0,Condominium,1 Storey,2025-04-25,2,0.0560000017285347,950.0,,2.0,0.0,Condominium,,2025-01-07,192.0,,0.0,1.0,1.0,,0,1
4771097,758.0,,2.0,1.0,Condominium,1 Storey,2025-04-25,3,0.02800000086426735,550.0,,1.0,1.0,Condominium,,2025-02-08,208.0,,1.0,0.0,1.0,,1,1
4771641,2115.0,2744.8199999999997,4.0,3.5,Detached,3 Storey,2025-04-28,1,0.6470000147819519,2236.0,3369.0,5.0,3.5,Detached,2 Storey,2025-02-23,121.0,624.18,1.0,0.0,1.0,0.0,1,1
4771641,2115.0,2744.8199999999997,4.0,3.5,Detached,3 Storey,2025-04-28,2,0.5569999814033508,2043.0,3225.0,3.0,2.5,Detached,2 Storey,2025-04-12,72.0,480.18,1.0,1.0,1.0,0.0,1,1
4771641,2115.0,2744.8199999999997,4.0,3.5,Detached,3 Storey,2025-04-28,3,0.35499998927116394,2435.0,4287.0,3.0,2.5,Detached,2 Storey,2025-02-12,320.0,1542.18,1.0,1.0,1.0,0.0,1,1
4772017,1149.0,3573.6479999999997,3.0,2.0,Detached,Bi-Level,2025-04-30,1,0.9700000286102295,1189.0,3326.0,5.0,3.0,Detached,Bi-Level,2025-04-25,40.0,247.648,2.0,1.0,1.0,1.0,1,1
4772017,1149.0,3573.6479999999997,3.0,2.0,Detached,Bi-Level,2025-04-30,2,0.8769999742507935,1105.0,4391.0,4.0,2.0,Detached,Bungalow,2025-01-30,44.0,817.352,1.0,0.0,1.0,0.0,1,1
4772017,1149.0,3573.6479999999997,3.0,2.0,Detached,Bi-Level,2025-04-30,3,0.7450000047683716,1245.0,5026.0,4.0,3.0,Detached,Split Level,2025-03-17,96.0,1452.352,1.0,1.0,1.0,0.0,1,1
4772152,1372.0,4101.084,3.0,1.5,Detached,2 Storey,2025-04-25,1,0.9879999756813049,1531.0,4337.0,3.0,2.5,Detached,2 Storey,2025-04-15,159.0,235.916,0.0,1.0,1.0,1.0,1,1
4772152,1372.0,4101.084,3.0,1.5,Detached,2 Storey,2025-04-25,2,0.9879999756813049,1130.0,3466.0,3.0,1.5,Detached,2 Storey,2025-03-08,242.0,635.084,0.0,0.0,1.0,1.0,1,1
4772152,1372.0,4101.084,3.0,1.5,Detached,2 Storey,2025-04-25,3,0.8330000042915344,1030.0,3659.0,,1.5,Detached,2 Storey,2025-03-13,342.0,442.084,,0.0,1.0,1.0,1,1
4773295,1675.0,21780.0,2.0,1.5,Detached,1 Storey,2025-05-02,1,0.6570000052452087,1032.0,23408.0,3.0,1.0,Detached,Bungalow,2025-02-27,643.0,1628.0,1.0,0.5,1.0,0.0,1,1
4773295,1675.0,21780.0,2.0,1.5,Detached,1 Storey,2025-05-02,2,0.4699999988079071,900.0,13821.0,2.0,1.0,Detached,Bungalow,2025-01-10,775.0,7959.0,0.0,0.5,1.0,0.0,0,1
4773295,1675.0,21780.0,2.0,1.5,Detached,1 Storey,2025-05-02,3,0.4490000009536743,888.0,12000.0,2.0,1.0,Detached,Bungalow,2024-12-09,787.0,9780.0,0.0,0.5,1.0,0.0,0,1
4773534,2773.0,217800.0,4.0,2.5,Detached,Split Level,2025-05-02,1,0.19499999284744263,2217.0,27756.0,3.0,2.0,Detached,1.5 Storey,2024-11-14,556.0,190044.0,1.0,0.5,1.0,0.0,0,1
4773534,2773.0,217800.0,4.0,2.5,Detached,Split Level,2025-05-02,2,0.05299999937415123,1300.0,0.0,2.0,1.5,Detached,1.5 Storey,2025-03-21,1473.0,217800.0,2.0,1.0,1.0,0.0,1,1
4773534,2773.0,217800.0,4.0,2.5,Detached,Split Level,2025-05-02,3,0.03700000047683716,1056.0,,1.0,1.5,Detached,,2025-04-08,1717.0,,3.0,1.0,1.0,,1,1
4773833,2304.0,23046.0,4.0,2.0,Detached,2 Storey,2025-04-30,1,0.07699999958276749,1197.0,4998.0,5.0,2.0,Detached,Bungalow Raised,2024-11-03,1107.0,18048.0,1.0,0.0,1.0,0.0,0,1
4773833,2304.0,23046.0,4.0,2.0,Detached,2 Storey,2025-04-30,2,0.007000000216066837,2300.0,8763.0,4.0,0.0,Detached,Bungalow,2024-11-01,4.0,14283.0,0.0,2.0,1.0,0.0,0,1
4773833,2304.0,23046.0,4.0,2.0,Detached,2 Storey,2025-04-30,3,0.0010000000474974513,1410.0,5292.0,4.0,0.0,Detached,Bungalow,2024-11-18,894.0,17754.0,0.0,2.0,1.0,0.0,0,1
4775247,1952.0,10021.284,3.0,2.5,Detached,2 Storey,2025-04-30,1,0.9660000205039978,2129.0,5248.0,4.0,2.5,Detached,2 Storey,2025-04-02,177.0,4773.284,1.0,0.0,1.0,1.0,1,1
4775247,1952.0,10021.284,3.0,2.5,Detached,2 Storey,2025-04-30,2,0.9380000233650208,2058.0,11325.0,3.0,2.5,Detached,2 Storey,2025-02-15,106.0,1303.716,0.0,0.0,1.0,1.0,1,1
4775247,1952.0,10021.284,3.0,2.5,Detached,2 Storey,2025-04-30,3,0.7609999775886536,1561.0,10890.0,3.0,2.5,Detached,2 Storey,2025-04-07,391.0,868.716,0.0,0.0,1.0,1.0,1,1
4775292,2250.0,435600.0,5.0,3.0,Detached,Bungalow,2025-05-02,1,0.6079999804496765,1863.0,582008.0,3.0,2.0,Detached,Bungalow,2024-11-24,387.0,146408.0,2.0,1.0,1.0,1.0,0,1
4775292,2250.0,435600.0,5.0,3.0,Detached,Bungalow,2025-05-02,2,0.3449999988079071,1704.0,452800.0,3.0,2.5,Detached,2 Storey,2024-11-26,546.0,17200.0,2.0,0.5,1.0,0.0,0,1
4775292,2250.0,435600.0,5.0,3.0,Detached,Bungalow,2025-05-02,3,0.289000004529953,2057.0,,3.0,2.0,Detached,Bungalow,2025-04-03,193.0,,2.0,1.0,1.0,1.0,1,1
4775785,2138.0,435600.0,5.0,2.0,Detached,2 Storey,2025-04-30,1,0.9120000004768372,1750.0,70400.0,3.0,2.0,Detached,2 Storey,2025-02-21,388.0,365200.0,2.0,0.0,1.0,1.0,1,1
4775785,2138.0,435600.0,5.0,2.0,Detached,2 Storey,2025-04-30,2,0.8069999814033508,1500.0,38750.0,3.0,2.0,Detached,2 Storey,2025-01-03,638.0,396850.0,2.0,0.0,1.0,1.0,0,1
4775785,2138.0,435600.0,5.0,2.0,Detached,2 Storey,2025-04-30,3,0.32499998807907104,2291.0,,5.0,3.5,Detached,2 Storey,2024-12-20,153.0,,0.0,1.5,1.0,1.0,0,1
4775892,1178.0,,3.0,1.5,Townhouse,2 Storey,2025-04-30,1,0.006000000052154064,1100.0,,2.0,0.0,Condominium,2 Storey,2025-02-27,78.0,,1.0,1.5,0.0,1.0,1,1
4775892,1178.0,,3.0,1.5,Townhouse,2 Storey,2025-04-30,2,0.0020000000949949026,1300.0,,3.0,0.0,Condominium,2 Storey,2025-03-04,122.0,,0.0,1.5,0.0,1.0,1,1
4775892,1178.0,,3.0,1.5,Townhouse,2 Storey,2025-04-30,3,0.0020000000949949026,1100.0,,3.0,0.0,Condominium,2 Storey,2025-02-19,78.0,,0.0,1.5,0.0,1.0,1,1
4776066,2203.0,3702.816,3.0,2.5,Detached,2 Storey,2025-04-30,1,0.9819999933242798,2123.0,3756.0,3.0,2.5,Detached,2 Storey,2025-02-27,80.0,53.184,0.0,0.0,1.0,1.0,1,1
4776066,2203.0,3702.816,3.0,2.5,Detached,2 Storey,2025-04-30,2,0.9309999942779541,2274.0,4165.0,3.0,3.5,Detached,2 Storey,2025-02-14,71.0,462.184,0.0,1.0,1.0,1.0,1,1
4776066,2203.0,3702.816,3.0,2.5,Detached,2 Storey,2025-04-30,3,0.9190000295639038,1989.0,4165.0,3.0,2.5,Detached,2 Storey,2025-02-24,214.0,462.184,0.0,0.0,1.0,1.0,1,1
4776534,3543.1,7524.035999999999,3.0,3.5,Detached,2 Storey,2025-05-02,1,0.3059999942779541,1460.0,5844.0,4.0,2.5,Detached,Bungalow,2025-03-28,2083.1,1680.036,1.0,1.0,1.0,0.0,1,1
4776534,3543.1,7524.035999999999,3.0,3.5,Detached,2 Storey,2025-05-02,2,0.2919999957084656,3550.0,10225.0,3.0,3.0,Detached,2 Storey,2025-05-05,6.9,2700.964,0.0,0.5,1.0,1.0,1,1
4776534,3543.1,7524.035999999999,3.0,3.5,Detached,2 Storey,2025-05-02,3,0.17900000512599945,2314.0,8083.0,4.0,4.5,Detached,Bungalow,2025-04-28,1229.1,558.964,1.0,1.0,1.0,0.0,1,1
4776574,2352.0,4768.0,3.0,3.5,Detached,2 Storey,2025-05-02,1,0.9419999718666077,2123.0,4012.0,3.0,2.5,Detached,2 Storey,2025-04-12,229.0,756.0,0.0,1.0,1.0,1.0,1,1
4776574,2352.0,4768.0,3.0,3.5,Detached,2 Storey,2025-05-02,2,0.8389999866485596,2479.0,4014.0,3.0,2.5,Detached,2 Storey,2025-04-16,127.0,754.0,0.0,1.0,1.0,1.0,1,1
4776574,2352.0,4768.0,3.0,3.5,Detached,2 Storey,2025-05-02,3,0.7170000076293945,2479.0,4014.0,5.0,4.0,Detached,2 Storey,2025-02-16,127.0,754.0,2.0,0.5,1.0,1.0,1,1
4776648,1050.0,10014.0,4.0,2.0,Detached,1 Storey,2025-05-01,1,0.5979999899864197,1145.0,7590.0,3.0,2.0,Detached,Bungalow,2025-02-14,95.0,2424.0,1.0,0.0,1.0,0.0,1,1
4776648,1050.0,10014.0,4.0,2.0,Detached,1 Storey,2025-05-01,2,0.4059999883174896,900.0,7590.0,2.0,2.0,Detached,Bungalow Raised,2025-03-05,150.0,2424.0,2.0,0.0,1.0,0.0,1,1
4776648,1050.0,10014.0,4.0,2.0,Detached,1 Storey,2025-05-01,3,0.28299999237060547,1500.0,6000.0,2.0,2.0,Detached,Bungalow Raised,2025-02-04,450.0,4014.0,2.0,0.0,1.0,0.0,1,1
4777578,2061.0,9450.792,3.0,3.5,Detached,2 Storey,2025-05-01,1,0.9539999961853027,2342.0,7840.0,3.0,2.5,Detached,2 Storey,2025-03-28,281.0,1610.792,0.0,1.0,1.0,1.0,1,1
4777578,2061.0,9450.792,3.0,3.5,Detached,2 Storey,2025-05-01,2,0.9509999752044678,2392.0,9147.0,3.0,2.5,Detached,2 Storey,2025-02-11,331.0,303.792,0.0,1.0,1.0,1.0,1,1
4777578,2061.0,9450.792,3.0,3.5,Detached,2 Storey,2025-05-01,3,0.6880000233650208,2058.0,11325.0,3.0,2.5,Detached,2 Storey,2025-02-15,3.0,1874.208,0.0,1.0,1.0,1.0,1,1
4777828,2385.0,4919.0,,,,2 Storey,2025-05-01,1,0.8880000114440918,2221.0,4600.0,4.0,0.0,Detached,2 Storey,2024-12-07,164.0,319.0,,,,1.0,0,1
4777828,2385.0,4919.0,,,,2 Storey,2025-05-01,2,0.515999972820282,2250.0,4920.0,3.0,0.0,Detached,2 Storey,2024-11-06,135.0,1.0,,,,1.0,0,1
4777828,2385.0,4919.0,,,,2 Storey,2025-05-01,3,0.4050000011920929,2750.0,4662.0,5.0,0.0,Detached,2 Storey,2025-01-21,365.0,257.0,,,,1.0,0,1
4778326,1746.79,8169.875999999999,3.0,2.5,Detached,Split Level,2025-05-05,1,0.6840000152587891,1822.0,5597.0,3.0,2.5,Detached,2 Storey,2025-05-01,75.21,2572.876,0.0,0.0,1.0,0.0,1,1
4778326,1746.79,8169.875999999999,3.0,2.5,Detached,Split Level,2025-05-05,2,0.6060000061988831,1301.0,4068.0,2.0,2.5,Detached,2 Storey,2025-02-27,445.79,4101.876,1.0,0.0,1.0,0.0,1,1
4778326,1746.79,8169.875999999999,3.0,2.5,Detached,Split Level,2025-05-05,3,0.421999990940094,1747.0,8169.0,4.0,2.5,Detached,Split Level,2025-04-25,0.21,0.876,1.0,0.0,1.0,1.0,1,1
4778535,2002.104,6243.12,8.0,4.0,Fourplex,Bi-Level,2025-05-06,1,0.09700000286102295,2475.0,6587.0,4.0,3.0,Detached,2 Storey,2025-05-06,472.896,343.88,4.0,1.0,0.0,0.0,1,1
4778535,2002.104,6243.12,8.0,4.0,Fourplex,Bi-Level,2025-05-06,2,0.020999999716877937,987.0,6501.0,3.0,2.0,Detached,Bi-Level,2025-03-07,1015.104,257.88,5.0,2.0,0.0,1.0,1,1
4778535,2002.104,6243.12,8.0,4.0,Fourplex,Bi-Level,2025-05-06,3,0.01600000075995922,1561.0,15467.0,5.0,3.0,Detached,Bungalow,2025-02-20,441.104,9223.88,3.0,1.0,0.0,0.0,1,1
4778557,1290.0,5791.0,2.0,3.0,Detached,Bungalow,2025-05-06,1,0.15800000727176666,2161.0,5328.0,5.0,3.5,Detached,2 Storey,2025-02-19,871.0,463.0,3.0,0.5,1.0,0.0,1,1
4778557,1290.0,5791.0,2.0,3.0,Detached,Bungalow,2025-05-06,2,0.09300000220537186,1132.0,3369.0,3.0,2.5,Detached,2 Storey,2025-03-25,158.0,2422.0,1.0,0.5,1.0,0.0,1,1
4778557,1290.0,5791.0,2.0,3.0,Detached,Bungalow,2025-05-06,3,0.07900000363588333,1857.0,4951.0,7.0,3.5,Detached,2 Storey,2025-03-21,567.0,840.0,5.0,0.5,1.0,0.0,1,1
4778791,678.0,,2.0,2.0,Condominium,1 Storey,2025-05-05,1,0.2199999988079071,550.0,,1.0,2.0,Condominium,2 Storey,2025-02-12,128.0,,1.0,0.0,1.0,0.0,1,1
4778791,678.0,,2.0,2.0,Condominium,1 Storey,2025-05-05,2,0.054999999701976776,850.0,,2.0,1.0,Condominium,,2025-03-05,172.0,,0.0,1.0,1.0,,1,1
4778791,678.0,,2.0,2.0,Condominium,1 Storey,2025-05-05,3,0.004999999888241291,950.0,,2.0,1.0,Condominium,,2025-02-07,272.0,,0.0,1.0,1.0,,1,1
4778794,665.0,,2.0,2.0,Condominium,1 Storey,2025-05-05,1,0.1770000010728836,550.0,,1.0,2.0,Condominium,2 Storey,2025-02-12,115.0,,1.0,0.0,1.0,0.0,1,1
4778794,665.0,,2.0,2.0,Condominium,1 Storey,2025-05-05,2,0.020999999716877937,850.0,,2.0,1.0,Condominium,,2025-03-05,185.0,,0.0,1.0,1.0,,1,1
4778794,665.0,,2.0,2.0,Condominium,1 Storey,2025-05-05,3,0.008999999612569809,950.0,,2.0,1.0,Condominium,,2025-02-07,285.0,,0.0,1.0,1.0,,1,1
4778797,584.0,,1.0,1.0,Condominium,1 Storey,2025-05-05,1,0.1080000028014183,550.0,,1.0,2.0,Condominium,2 Storey,2025-02-12,34.0,,0.0,1.0,1.0,0.0,1,1
4778797,584.0,,1.0,1.0,Condominium,1 Storey,2025-05-05,2,0.1080000028014183,550.0,,1.0,0.0,Condominium,2 Storey,2025-02-12,34.0,,0.0,1.0,1.0,0.0,1,1
4778797,584.0,,1.0,1.0,Condominium,1 Storey,2025-05-05,3,0.03200000151991844,950.0,,2.0,1.0,Condominium,,2025-02-07,366.0,,1.0,0.0,1.0,,1,1
4779669,1451.0,3625.0,3.0,1.5,Detached,2 Storey,2025-05-06,1,0.15199999511241913,1386.0,,4.0,1.5,Detached,2 Storey,2025-04-19,65.0,,1.0,0.0,1.0,1.0,1,1
4779669,1451.0,3625.0,3.0,1.5,Detached,2 Storey,2025-05-06,2,0.14900000393390656,1475.0,,4.0,2.5,Detached,2 Storey,2025-02-12,24.0,,1.0,1.0,1.0,1.0,1,1
4779669,1451.0,3625.0,3.0,1.5,Detached,2 Storey,2025-05-06,3,0.14900000393390656,1081.0,,3.0,1.5,Detached,2 Storey,2025-04-25,370.0,,0.0,0.0,1.0,1.0,1,1
