orderID,subj_gla,gla_clean,gla_diff,subj_lot_size,lot_size_clean,lot_size_diff,subj_bedrooms,bedrooms_clean,bedroom_diff,subj_bathrooms,bathrooms_clean,bathroom_diff,subj_room_count,room_count_clean,room_count_diff,subj_property_type,property_type_clean,same_property_type,subj_stories,stories_clean,same_storey_type,sale_date_clean,sold_recently_90,sold_recently_180
4762597,1044.0,1044.0,0.0,,,,3.0,3.0,0.0,1.5,2.0,0.5,6.0,6.0,0.0,Townhouse,Townhouse,1.0,2 Storey,2 Storey,1.0,2024-10-25,0,1
4762597,1044.0,1044.0,0.0,,,,3.0,3.0,0.0,1.5,1.0,0.5,6.0,6.0,0.0,Townhouse,Townhouse,1.0,2 Storey,2 Storey,1.0,2025-02-05,1,1
4762597,1044.0,1044.0,0.0,,,,3.0,3.0,0.0,1.5,2.0,0.5,6.0,6.0,0.0,Townhouse,Townhouse,1.0,2 Storey,2 Storey,1.0,2025-02-14,1,1
4762739,1500.0,1602.0,102.0,72745.0,80212.0,7467.0,3.0,3.0,0.0,2.5,2.0,0.5,6.0,6.0,0.0,Detached,Detached,1.0,1.5 Storey,1 Storey,0.0,2025-01-16,0,1
4762739,1500.0,2100.0,600.0,72745.0,61700.0,11045.0,3.0,3.0,0.0,2.5,2.0,0.5,6.0,6.0,0.0,Detached,Detached,1.0,1.5 Storey,1 Storey,0.0,2024-12-21,0,1
4762739,1500.0,1662.0,162.0,72745.0,48200.0,24545.0,3.0,2.0,1.0,2.5,2.0,0.5,6.0,5.0,1.0,Detached,Detached,1.0,1.5 Storey,1.5 Storey,1.0,2024-11-23,0,1
4763065,3000.0,2003.0,997.0,20174.0,15116.0,5058.0,4.0,4.0,0.0,2.5,2.5,0.0,9.0,8.0,1.0,Detached,Detached,1.0,2 Storey,2 Storey,1.0,2025-03-26,1,1
4763065,3000.0,2940.0,60.0,20174.0,11138.0,9036.0,4.0,4.0,0.0,2.5,3.5,1.0,9.0,8.0,1.0,Detached,Detached,1.0,2 Storey,2 Storey,1.0,2024-12-24,0,1
4763065,3000.0,2365.0,635.0,20174.0,29200.0,9026.0,4.0,3.0,1.0,2.5,2.5,0.0,9.0,7.0,2.0,Detached,Detached,1.0,2 Storey,2 Storey,1.0,2025-04-16,1,1
4763086,1283.0,1571.0,288.0,54450.0,76050.0,21600.0,2.0,3.0,1.0,3.0,2.0,1.0,5.0,6.0,1.0,Detached,Detached,1.0,Bungalow,Bungalow,1.0,2025-02-20,1,1
4763086,1283.0,1610.0,327.0,54450.0,48825.0,5625.0,2.0,3.0,1.0,3.0,2.5,0.5,5.0,6.0,1.0,Detached,Detached,1.0,Bungalow,Bungalow,1.0,2024-10-11,0,0
4763086,1283.0,1976.0,693.0,54450.0,76570.0,22120.0,2.0,5.0,3.0,3.0,4.0,1.0,5.0,8.0,3.0,Detached,Detached,1.0,Bungalow,2 Storey,0.0,2025-02-17,1,1
4763087,1530.0,1048.0,482.0,,,,3.0,2.0,1.0,2.0,1.0,1.0,6.0,5.0,1.0,Condominium,Condominium,1.0,1 Storey,1 Storey,1.0,2025-04-15,1,1
4763087,1530.0,1553.0,23.0,,,,3.0,2.0,1.0,2.0,2.0,0.0,6.0,6.0,0.0,Condominium,Condominium,1.0,1 Storey,1 Storey,1.0,2025-02-18,1,1
4763087,1530.0,1483.0,47.0,,,,3.0,3.0,0.0,2.0,2.0,0.0,6.0,6.0,0.0,Condominium,Condominium,1.0,1 Storey,1 Storey,1.0,2024-12-13,0,1
4764094,1746.0,2100.0,354.0,6825.0,7726.0,901.0,3.0,4.0,1.0,2.5,2.5,0.0,7.0,8.0,1.0,Detached,Detached,1.0,Split Level,Split Level,1.0,2025-04-14,1,1
4764094,1746.0,1688.0,58.0,6825.0,7623.0,798.0,3.0,3.0,0.0,2.5,1.5,1.0,7.0,6.0,1.0,Detached,Detached,1.0,Split Level,Split Level,1.0,2024-12-13,0,1
4764094,1746.0,2298.0,552.0,6825.0,9110.0,2285.0,3.0,3.0,0.0,2.5,2.5,0.0,7.0,8.0,1.0,Detached,Detached,1.0,Split Level,2 Storey,0.0,2024-11-18,0,1
4764103,1602.0,1306.0,296.0,3694.0,2604.0,1090.0,2.0,3.0,1.0,3.0,2.0,1.0,6.0,7.0,1.0,Semi Detached,Semi Detached,1.0,2 Storey,2 Storey,1.0,2025-03-31,1,1
4764103,1602.0,1334.0,268.0,3694.0,3348.0,346.0,2.0,3.0,1.0,3.0,2.0,1.0,6.0,6.0,0.0,Semi Detached,Semi Detached,1.0,2 Storey,2 Storey,1.0,2025-03-23,1,1
4764103,1602.0,1120.0,482.0,3694.0,1936.0,1758.0,2.0,3.0,1.0,3.0,2.0,1.0,6.0,6.0,0.0,Semi Detached,Semi Detached,1.0,2 Storey,2 Storey,1.0,2024-12-05,0,1
4761696,1751.0,1802.0,51.0,3358.0,2992.0,366.0,3.0,4.0,1.0,2.5,2.5,0.0,7.0,8.0,1.0,Townhouse,Townhouse,1.0,2 Storey,2 Storey,1.0,2024-12-09,0,1
4761696,1751.0,2131.0,380.0,3358.0,2893.0,465.0,3.0,3.0,0.0,2.5,2.5,0.0,7.0,7.0,0.0,Townhouse,Townhouse,1.0,2 Storey,2 Storey,1.0,2025-03-29,1,1
4761696,1751.0,1758.0,7.0,3358.0,4230.0,872.0,3.0,3.0,0.0,2.5,2.5,0.0,7.0,7.0,0.0,Townhouse,Townhouse,1.0,2 Storey,2 Storey,1.0,2025-03-29,1,1
4762154,1523.0,1816.0,293.0,,,,2.0,2.0,0.0,2.0,2.0,0.0,6.0,7.0,1.0,Condominium,Condominium,1.0,1 Storey,1 Storey,1.0,2025-02-24,1,1
4762154,1523.0,2206.0,683.0,,,,2.0,2.0,0.0,2.0,2.0,0.0,6.0,7.0,1.0,Condominium,Condominium,1.0,1 Storey,2 Storey,0.0,2024-11-21,0,1
4762154,1523.0,1342.0,181.0,,,,2.0,2.0,0.0,2.0,2.0,0.0,6.0,6.0,0.0,Condominium,Condominium,1.0,1 Storey,1 Storey,1.0,2024-10-18,0,1
4762330,2456.0,2367.0,89.0,5909.436,5382.0,527.4359999999997,4.0,4.0,0.0,2.5,3.0,0.5,10.0,10.0,0.0,Detached,Detached,1.0,2 Storey,2 Storey,1.0,2025-04-07,1,1
4762330,2456.0,2614.0,158.0,5909.436,5231.304,678.1319999999996,4.0,5.0,1.0,2.5,4.0,1.5,10.0,9.0,1.0,Detached,Detached,1.0,2 Storey,2 Storey,1.0,2025-02-08,1,1
4762330,2456.0,2608.0,152.0,5909.436,4940.6759999999995,968.7600000000002,4.0,4.0,0.0,2.5,2.0,0.5,10.0,9.0,1.0,Detached,Detached,1.0,2 Storey,2 Storey,1.0,2025-01-27,1,1
4762406,3332.0,2555.0,777.0,42495.0,169884.0,127389.0,5.0,3.0,2.0,2.5,3.0,0.5,10.0,7.0,3.0,Detached,Detached,1.0,1.5 Storey,1 Storey,0.0,2025-01-25,1,1
4762406,3332.0,1829.0,1503.0,42495.0,24650.0,17845.0,5.0,1.0,4.0,2.5,1.5,1.0,10.0,6.0,4.0,Detached,Detached,1.0,1.5 Storey,1 Storey,0.0,2024-12-19,0,1
4762406,3332.0,3024.0,308.0,42495.0,59396.0,16901.0,5.0,3.0,2.0,2.5,2.5,0.0,10.0,10.0,0.0,Detached,Detached,1.0,1.5 Storey,1.5 Storey,1.0,2024-06-28,0,0
4761220,1525.0,1695.0,170.0,2619.0,2433.0,186.0,3.0,3.0,0.0,3.5,3.0,0.5,7.0,6.0,1.0,Semi Detached,Semi Detached,1.0,2 Storey,2 Storey,1.0,2025-03-09,1,1
4761220,1525.0,1572.0,47.0,2619.0,2647.0,28.0,3.0,3.0,0.0,3.5,3.5,0.0,7.0,7.0,0.0,Semi Detached,Semi Detached,1.0,2 Storey,2 Storey,1.0,2025-04-02,1,1
4761220,1525.0,1489.0,36.0,2619.0,2680.0,61.0,3.0,3.0,0.0,3.5,3.5,0.0,7.0,7.0,0.0,Semi Detached,Semi Detached,1.0,2 Storey,2 Storey,1.0,2025-03-04,1,1
4761433,2895.0,2354.0,541.0,26700.0,131115.0,104415.0,4.0,3.0,1.0,3.0,2.5,0.5,10.0,7.0,3.0,Detached,Detached,1.0,1 Storey,1 Storey,1.0,2025-02-21,1,1
4761433,2895.0,2494.0,401.0,26700.0,11029.0,15671.0,4.0,4.0,0.0,3.0,3.0,0.0,10.0,7.0,3.0,Detached,Detached,1.0,1 Storey,2 Storey,0.0,2025-03-21,1,1
4761433,2895.0,3774.0,879.0,26700.0,18036.0,8664.0,4.0,5.0,1.0,3.0,3.5,0.5,10.0,11.0,1.0,Detached,Detached,1.0,1 Storey,2 Storey,0.0,2024-09-20,0,0
4761446,1678.0,1805.0,127.0,5663.0,5831.0,168.0,3.0,4.0,1.0,2.0,3.0,1.0,7.0,17.0,10.0,Detached,Detached,1.0,Bungalow,Bungalow,1.0,2025-03-19,1,1
4761446,1678.0,1741.0,63.0,5663.0,5900.0,237.0,3.0,4.0,1.0,2.0,3.0,1.0,7.0,9.0,2.0,Detached,Detached,1.0,Bungalow,Bungalow,1.0,2024-11-16,0,1
4761446,1678.0,2094.0,416.0,5663.0,6600.0,937.0,3.0,4.0,1.0,2.0,2.5,0.5,7.0,16.0,9.0,Detached,Detached,1.0,Bungalow,Split Level,0.0,2024-11-20,0,1
4759647,2264.0,3167.0,903.0,33943.0,52500.0,18557.0,4.0,2.0,2.0,2.5,2.5,0.0,9.0,7.0,2.0,Detached,Detached,1.0,2 Storey,2 Storey,1.0,2025-04-07,1,1
4759647,2264.0,2343.0,79.0,33943.0,50853.0,16910.0,4.0,4.0,0.0,2.5,2.5,0.0,9.0,7.0,2.0,Detached,Detached,1.0,2 Storey,2 Storey,1.0,2025-02-21,1,1
4759647,2264.0,1664.0,600.0,33943.0,82700.0,48757.0,4.0,3.0,1.0,2.5,2.5,0.0,9.0,6.0,3.0,Detached,Detached,1.0,2 Storey,2 Storey,1.0,2025-02-14,1,1
4759723,2530.0,3574.0,1044.0,5987.0,6196.0,209.0,3.0,4.0,1.0,3.5,4.5,1.0,9.0,8.0,1.0,Detached,Detached,1.0,2 Storey,2 Storey,1.0,2025-01-25,1,1
4759723,2530.0,3756.0,1226.0,5987.0,5600.0,387.0,3.0,4.0,1.0,3.5,4.5,1.0,9.0,8.0,1.0,Detached,Detached,1.0,2 Storey,2 Storey,1.0,2025-01-31,1,1
4759723,2530.0,2442.0,88.0,5987.0,5823.0,164.0,3.0,3.0,0.0,3.5,3.5,0.0,9.0,8.0,1.0,Detached,Detached,1.0,2 Storey,2 Storey,1.0,2025-02-05,1,1
4760530,2149.0,2017.0,132.0,438082.92,436863.24,1219.679999999993,4.0,3.0,1.0,3.5,3.5,0.0,7.0,6.0,1.0,Detached,Detached,1.0,Bungalow Raised,Bungalow Raised,1.0,2025-03-28,1,1
4760530,2149.0,2133.0,16.0,438082.92,53143.2,384939.72,4.0,3.0,1.0,3.5,3.0,0.5,7.0,7.0,0.0,Detached,Detached,1.0,Bungalow Raised,Bungalow,0.0,2024-12-03,0,1
4760530,2149.0,2676.0,527.0,438082.92,64033.2,374049.72,4.0,4.0,0.0,3.5,4.5,1.0,7.0,11.0,4.0,Detached,Detached,1.0,Bungalow Raised,Bungalow,0.0,2024-09-06,0,0
4760630,1840.0,2250.0,410.0,1742.0,2014.0,272.0,4.0,5.0,1.0,1.0,2.5,1.5,8.0,9.0,1.0,Townhouse,Townhouse,1.0,2.5 Storey,2.5 Storey,1.0,2025-01-20,1,1
4760630,1840.0,1750.0,90.0,1742.0,1785.0,43.0,4.0,5.0,1.0,1.0,1.5,0.5,8.0,10.0,2.0,Townhouse,Townhouse,1.0,2.5 Storey,2.5 Storey,1.0,2025-03-26,1,1
4760630,1840.0,1750.0,90.0,1742.0,986.0,756.0,4.0,6.0,2.0,1.0,2.0,1.0,8.0,10.0,2.0,Townhouse,Townhouse,1.0,2.5 Storey,2 Storey,0.0,2025-04-07,1,1
4760651,1354.0,1200.0,154.0,3250.0,3400.0,150.0,3.0,3.0,0.0,1.5,1.5,0.0,6.0,6.0,0.0,Detached,Detached,1.0,2 Storey,2 Storey,1.0,2025-02-21,1,1
4760651,1354.0,1540.0,186.0,3250.0,3719.0,469.0,3.0,3.0,0.0,1.5,1.5,0.0,6.0,6.0,0.0,Detached,Detached,1.0,2 Storey,2 Storey,1.0,2025-03-27,1,1
4760651,1354.0,1320.0,34.0,3250.0,3148.0,102.0,3.0,3.0,0.0,1.5,1.5,0.0,6.0,6.0,0.0,Detached,Detached,1.0,2 Storey,2 Storey,1.0,2024-12-17,0,1
4760900,1573.4,1808.0,234.5999999999999,4058.028,3067.74,990.288,3.0,3.0,0.0,2.5,2.5,0.0,7.0,8.0,1.0,Detached,Detached,1.0,2 Storey,2 Storey,1.0,2025-03-20,1,1
4760900,1573.4,1801.0,227.5999999999999,4058.028,3035.448,1022.5799999999999,3.0,3.0,0.0,2.5,2.5,0.0,7.0,6.0,1.0,Detached,Detached,1.0,2 Storey,2 Storey,1.0,2025-02-12,1,1
4760900,1573.4,1640.0,66.59999999999991,4058.028,3379.8959999999997,678.1320000000001,3.0,3.0,0.0,2.5,2.5,0.0,7.0,7.0,0.0,Detached,Detached,1.0,2 Storey,2 Storey,1.0,2025-03-10,1,1
4742669,839.592,1011.816,172.22400000000005,4639.284,5295.888,656.6040000000003,2.0,2.0,0.0,2.0,2.0,0.0,4.0,5.0,1.0,Detached,Detached,1.0,Bungalow,Bungalow,1.0,2024-11-22,0,1
4742669,839.592,1011.816,172.22400000000005,4639.284,5414.2919999999995,775.0079999999998,2.0,2.0,0.0,2.0,1.0,1.0,4.0,5.0,1.0,Detached,Detached,1.0,Bungalow,1.5 Storey,0.0,2025-01-24,1,1
4742669,839.592,839.592,0.0,4639.284,5392.764,753.4800000000005,2.0,2.0,0.0,2.0,2.0,0.0,4.0,4.0,0.0,Detached,Detached,1.0,Bungalow,Bungalow,1.0,2024-12-26,1,1
4752865,2974.0,2770.0,204.0,6512.219999999999,5532.696,979.5239999999994,4.0,4.0,0.0,2.5,2.5,0.0,8.0,8.0,0.0,Detached,Detached,1.0,2 Storey,2 Storey,1.0,2024-11-01,0,1
4752865,2974.0,2556.0,418.0,6512.219999999999,4628.5199999999995,1883.6999999999998,4.0,3.0,1.0,2.5,2.5,0.0,8.0,7.0,1.0,Detached,Detached,1.0,2 Storey,2 Storey,1.0,2024-08-25,0,0
4752865,2974.0,3364.0,390.0,6512.219999999999,7265.7,753.4800000000005,4.0,4.0,0.0,2.5,2.5,0.0,8.0,8.0,0.0,Detached,Detached,1.0,2 Storey,2 Storey,1.0,2025-01-24,1,1
4755196,2956.0,2596.0,360.0,3601.0,5541.0,1940.0,4.0,4.0,0.0,3.5,2.5,1.0,8.0,10.0,2.0,Detached,Detached,1.0,2 Storey,2 Storey,1.0,2025-02-07,1,1
4755196,2956.0,3351.0,395.0,3601.0,4085.0,484.0,4.0,4.0,0.0,3.5,3.5,0.0,8.0,10.0,2.0,Detached,Detached,1.0,2 Storey,2 Storey,1.0,2025-03-31,1,1
4755196,2956.0,3071.0,115.0,3601.0,4230.0,629.0,4.0,4.0,0.0,3.5,3.5,0.0,8.0,8.0,0.0,Detached,Detached,1.0,2 Storey,2 Storey,1.0,2025-03-08,1,1
4756192,1109.0,965.0,144.0,,,,2.0,2.0,0.0,2.0,2.0,0.0,5.0,6.0,1.0,High Rise Apartment,High Rise Apartment,1.0,1 Storey,1 Storey,1.0,2025-01-31,1,1
4756192,1109.0,980.69,128.30999999999995,,,,2.0,2.0,0.0,2.0,2.0,0.0,5.0,6.0,1.0,High Rise Apartment,High Rise Apartment,1.0,1 Storey,1 Storey,1.0,2025-02-12,1,1
4756192,1109.0,1037.62,71.38000000000011,,,,2.0,2.0,0.0,2.0,2.0,0.0,5.0,5.0,0.0,High Rise Apartment,High Rise Apartment,1.0,1 Storey,1 Storey,1.0,2025-03-27,1,1
4756320,1580.0,1425.0,155.0,3552.12,2723.292,828.828,3.0,3.0,0.0,2.5,2.5,0.0,5.0,5.0,0.0,Detached,Detached,1.0,2 Storey,2 Storey,1.0,2024-11-21,0,1
4756320,1580.0,1580.0,0.0,3552.12,3745.872,193.75199999999995,3.0,3.0,0.0,2.5,2.5,0.0,5.0,5.0,0.0,Detached,Detached,1.0,2 Storey,2 Storey,1.0,2024-10-12,0,1
4756320,1580.0,1440.0,140.0,3552.12,4370.183999999999,818.0639999999994,3.0,3.0,0.0,2.5,2.5,0.0,5.0,5.0,0.0,Detached,Detached,1.0,2 Storey,2 Storey,1.0,2025-02-27,1,1
4756829,1587.0,1569.0,18.0,1868.0,1722.0,146.0,3.0,3.0,0.0,3.5,3.5,0.0,6.0,6.0,0.0,Townhouse,Townhouse,1.0,2 Storey,2 Storey,1.0,2025-02-04,1,1
4756829,1587.0,1740.0,153.0,1868.0,1941.0,73.0,3.0,3.0,0.0,3.5,2.5,1.0,6.0,7.0,1.0,Townhouse,Townhouse,1.0,2 Storey,2 Storey,1.0,2025-02-21,1,1
4756829,1587.0,1515.0,72.0,1868.0,2417.0,549.0,3.0,3.0,0.0,3.5,2.5,1.0,6.0,6.0,0.0,Townhouse,Townhouse,1.0,2 Storey,2 Storey,1.0,2025-02-16,1,1
4757939,968.76,1065.636,96.87599999999998,6738.263999999999,5995.548,742.7159999999994,2.0,3.0,1.0,2.0,2.0,0.0,5.0,5.0,0.0,Detached,Detached,1.0,Bungalow,Bi-Level,0.0,2025-02-26,1,1
4757939,968.76,624.312,344.448,6738.263999999999,5995.548,742.7159999999994,2.0,1.0,1.0,2.0,1.0,1.0,5.0,4.0,1.0,Detached,Detached,1.0,Bungalow,Bungalow,1.0,2025-01-03,0,1
4757939,968.76,947.232,21.52800000000002,6738.263999999999,5995.548,742.7159999999994,2.0,2.0,0.0,2.0,2.0,0.0,5.0,5.0,0.0,Detached,Detached,1.0,Bungalow,Bungalow,1.0,2025-01-06,0,1
4757966,1039.0,1130.0,91.0,,,,2.0,2.0,0.0,2.0,2.0,0.0,5.0,7.0,2.0,Low Rise Apartment,Low Rise Apartment,1.0,1 Storey,1 Storey,1.0,2025-04-04,1,1
4757966,1039.0,950.0,89.0,,,,2.0,2.0,0.0,2.0,2.0,0.0,5.0,6.0,1.0,Low Rise Apartment,Low Rise Apartment,1.0,1 Storey,1 Storey,1.0,2025-03-11,1,1
4757966,1039.0,1060.09,21.089999999999918,,,,2.0,2.0,0.0,2.0,2.0,0.0,5.0,6.0,1.0,Low Rise Apartment,Low Rise Apartment,1.0,1 Storey,1 Storey,1.0,2025-03-12,1,1
4758025,2809.404,3067.74,258.3359999999998,8191.404,7287.227999999999,904.1760000000013,4.0,3.0,1.0,3.5,3.5,0.0,9.0,8.0,1.0,Detached,Detached,1.0,2 Storey,2 Storey,1.0,2024-12-09,0,1
4758025,2809.404,2583.3599999999997,226.04400000000032,8191.404,5511.168,2680.236000000001,4.0,3.0,1.0,3.5,3.5,0.0,9.0,8.0,1.0,Detached,Detached,1.0,2 Storey,2 Storey,1.0,2025-01-16,1,1
4758025,2809.404,2475.72,333.6840000000002,8191.404,5877.143999999999,2314.260000000001,4.0,4.0,0.0,3.5,3.0,0.5,9.0,9.0,0.0,Detached,Detached,1.0,2 Storey,2 Storey,1.0,2025-03-18,1,1
4758316,789.0,934.0,145.0,,,,2.0,2.0,0.0,2.0,2.0,0.0,5.0,5.0,0.0,Condominium,Condominium,1.0,1 Storey,1 Storey,1.0,2025-04-03,1,1
4758316,789.0,881.0,92.0,,,,2.0,2.0,0.0,2.0,2.0,0.0,5.0,7.0,2.0,Condominium,Condominium,1.0,1 Storey,,,2025-02-13,1,1
4758316,789.0,875.0,86.0,,,,2.0,2.0,0.0,2.0,2.0,0.0,5.0,6.0,1.0,Condominium,Condominium,1.0,1 Storey,,,2025-03-15,1,1
4758324,1094.0,1288.0,194.0,12600.0,51836.0,39236.0,3.0,3.0,0.0,2.0,2.0,0.0,6.0,5.0,1.0,Detached,Detached,1.0,1 Storey,1 Storey,1.0,2025-02-21,1,1
4758324,1094.0,1211.0,117.0,12600.0,67188.0,54588.0,3.0,3.0,0.0,2.0,2.0,0.0,6.0,6.0,0.0,Detached,Detached,1.0,1 Storey,Bi-Level,0.0,2025-01-10,1,1
4758324,1094.0,1085.0,9.0,12600.0,93131.0,80531.0,3.0,3.0,0.0,2.0,1.0,1.0,6.0,6.0,0.0,Detached,Detached,1.0,1 Storey,1 Storey,1.0,2024-10-25,0,1
4758529,1176.0,1340.0,164.0,,,,2.0,3.0,1.0,2.0,2.0,0.0,6.0,5.0,1.0,High Rise Apartment,High Rise Apartment,1.0,1 Storey,1 Storey,1.0,2025-02-04,1,1
4758529,1176.0,853.0,323.0,,,,2.0,2.0,0.0,2.0,2.0,0.0,6.0,5.0,1.0,High Rise Apartment,High Rise Apartment,1.0,1 Storey,1 Storey,1.0,2025-03-06,1,1
4758529,1176.0,1043.0,133.0,,,,2.0,3.0,1.0,2.0,2.0,0.0,6.0,6.0,0.0,High Rise Apartment,High Rise Apartment,1.0,1 Storey,1 Storey,1.0,2025-02-27,1,1
4758615,1334.0,1470.0,136.0,3253.0,4014.0,761.0,1.0,2.0,1.0,3.0,3.0,0.0,5.0,7.0,2.0,Townhouse,Townhouse,1.0,Bungalow,Bungalow,1.0,2024-09-25,0,0
4758615,1334.0,1465.0,131.0,3253.0,4485.0,1232.0,1.0,2.0,1.0,3.0,2.0,1.0,5.0,9.0,4.0,Townhouse,Townhouse,1.0,Bungalow,Bungalow,1.0,2025-03-24,1,1
4758615,1334.0,1475.0,141.0,3253.0,4842.0,1589.0,1.0,3.0,2.0,3.0,3.0,0.0,5.0,8.0,3.0,Townhouse,Townhouse,1.0,Bungalow,Bungalow,1.0,2025-04-04,1,1
4758672,2010.0,1693.0,317.0,33661.0,28176.0,5485.0,3.0,4.0,1.0,2.5,1.5,1.0,9.0,7.0,2.0,Detached,Detached,1.0,2 Storey,2 Storey,1.0,2025-01-17,1,1
4758672,2010.0,1100.0,910.0,33661.0,21446.0,12215.0,3.0,3.0,0.0,2.5,2.0,0.5,9.0,6.0,3.0,Detached,Detached,1.0,2 Storey,2 Storey,1.0,2024-12-13,0,1
4758672,2010.0,2402.0,392.0,33661.0,24343.0,9318.0,3.0,4.0,1.0,2.5,2.0,0.5,9.0,7.0,2.0,Detached,Detached,1.0,2 Storey,2 Storey,1.0,2024-09-23,0,0
4759024,2647.944,2508.0119999999997,139.93200000000024,4929.911999999999,4197.96,731.9519999999993,5.0,3.0,2.0,4.0,3.5,0.5,9.0,7.0,2.0,Detached,Detached,1.0,2 Storey,2 Storey,1.0,2025-02-18,1,1
4759024,2647.944,2669.472,21.528000000000247,4929.911999999999,4133.376,796.5359999999991,5.0,5.0,0.0,4.0,4.0,0.0,9.0,9.0,0.0,Detached,Detached,1.0,2 Storey,2 Storey,1.0,2025-04-03,1,1
4759024,2647.944,2411.136,236.808,4929.911999999999,3584.412,1345.4999999999995,5.0,4.0,1.0,4.0,2.5,1.5,9.0,8.0,1.0,Detached,Detached,1.0,2 Storey,2 Storey,1.0,2025-03-04,1,1
4759088,1400.0,1382.0,18.0,37374.0,40000.0,2626.0,3.0,2.0,1.0,2.0,1.0,1.0,6.0,5.0,1.0,Detached,Detached,1.0,Bungalow Raised,Bungalow,0.0,2025-03-29,1,1
4759088,1400.0,1182.0,218.0,37374.0,32393.0,4981.0,3.0,3.0,0.0,2.0,2.0,0.0,6.0,6.0,0.0,Detached,Detached,1.0,Bungalow Raised,Split Level,0.0,2025-02-06,1,1
4759088,1400.0,864.0,536.0,37374.0,48085.0,10711.0,3.0,2.0,1.0,2.0,1.0,1.0,6.0,5.0,1.0,Detached,Detached,1.0,Bungalow Raised,Bi-Level,0.0,2024-10-18,0,1
4759260,864.0,1138.0,274.0,15936.0,8600.0,7336.0,3.0,3.0,0.0,1.0,1.0,0.0,5.0,6.0,1.0,Detached,Detached,1.0,1 Storey,1 Storey,1.0,2025-03-28,1,1
4759260,864.0,1092.0,228.0,15936.0,21730.0,5794.0,3.0,3.0,0.0,1.0,1.0,0.0,5.0,6.0,1.0,Detached,Detached,1.0,1 Storey,1 Storey,1.0,2024-12-31,0,1
4759260,864.0,889.0,25.0,15936.0,67082.0,51146.0,3.0,2.0,1.0,1.0,1.0,0.0,5.0,4.0,1.0,Detached,Detached,1.0,1 Storey,1 Storey,1.0,2024-10-18,0,1
4759498,1774.0,1688.0,86.0,3137.0,2841.0,296.0,3.0,3.0,0.0,3.5,2.5,1.0,7.0,7.0,0.0,Detached,Detached,1.0,2 Storey,2 Storey,1.0,2025-03-16,1,1
4759498,1774.0,1453.0,321.0,3137.0,3907.0,770.0,3.0,3.0,0.0,3.5,1.5,2.0,7.0,6.0,1.0,Detached,Detached,1.0,2 Storey,2 Storey,1.0,2025-03-27,1,1
4759498,1774.0,1944.0,170.0,3137.0,3984.0,847.0,3.0,3.0,0.0,3.5,3.5,0.0,7.0,7.0,0.0,Detached,Detached,1.0,2 Storey,2 Storey,1.0,2025-04-04,1,1
4759512,1795.0,1374.0,421.0,6300.0,22489.0,16189.0,3.0,3.0,0.0,1.5,1.0,0.5,7.0,6.0,1.0,Detached,Detached,1.0,1.5 Storey,1 Storey,0.0,2024-12-20,0,1
4759512,1795.0,1060.0,735.0,6300.0,7000.0,700.0,3.0,3.0,0.0,1.5,1.0,0.5,7.0,6.0,1.0,Detached,Detached,1.0,1.5 Storey,1 Storey,0.0,2024-12-03,0,1
4759512,1795.0,1921.0,126.0,6300.0,14738.0,8438.0,3.0,4.0,1.0,1.5,2.0,0.5,7.0,8.0,1.0,Detached,Detached,1.0,1.5 Storey,1 Storey,0.0,2024-09-21,0,0
4759561,3137.0,1560.0,1577.0,14375.0,3796.0,10579.0,5.0,3.0,2.0,4.0,3.0,1.0,15.0,6.0,9.0,Duplex,Duplex,1.0,2 Storey,2 Storey,1.0,2025-03-31,1,1
4759561,3137.0,1856.0,1281.0,14375.0,6500.0,7875.0,5.0,3.0,2.0,4.0,1.5,2.5,15.0,7.0,8.0,Duplex,Detached,0.0,2 Storey,2 Storey,1.0,2025-02-19,1,1
4759561,3137.0,2302.0,835.0,14375.0,4000.0,10375.0,5.0,3.0,2.0,4.0,2.0,2.0,15.0,7.0,8.0,Duplex,Duplex,1.0,2 Storey,2 Storey,1.0,2024-05-18,0,0
4759562,1132.0,1250.0,118.0,3500.0,4641.0,1141.0,3.0,3.0,0.0,1.5,1.5,0.0,6.0,6.0,0.0,Semi Detached,Semi Detached,1.0,2 Storey,Bi-Level,0.0,2025-01-13,1,1
4759562,1132.0,1403.0,271.0,3500.0,3238.0,262.0,3.0,3.0,0.0,1.5,2.0,0.5,6.0,6.0,0.0,Semi Detached,Semi Detached,1.0,2 Storey,2 Storey,1.0,2024-10-18,0,1
4759562,1132.0,1281.0,149.0,3500.0,3426.0,74.0,3.0,3.0,0.0,1.5,1.5,0.0,6.0,6.0,0.0,Semi Detached,Semi Detached,1.0,2 Storey,2 Storey,1.0,2024-10-16,0,1
4759604,1788.0,1920.0,132.0,14232.0,5058.0,9174.0,3.0,3.0,0.0,1.5,2.5,1.0,8.0,6.0,2.0,Detached,Detached,1.0,2 Storey,2 Storey,1.0,2025-03-25,1,1
4759604,1788.0,1834.0,46.0,14232.0,4429.0,9803.0,3.0,4.0,1.0,1.5,2.5,1.0,8.0,8.0,0.0,Detached,Detached,1.0,2 Storey,2 Storey,1.0,2025-01-24,1,1
4759604,1788.0,1353.0,435.0,14232.0,4359.0,9873.0,3.0,3.0,0.0,1.5,2.5,1.0,8.0,6.0,2.0,Detached,Detached,1.0,2 Storey,2 Storey,1.0,2024-11-16,0,1
4759846,1637.0,1879.0,242.0,6000.0,4343.0,1657.0,3.0,4.0,1.0,1.5,1.5,0.0,7.0,8.0,1.0,Detached,Detached,1.0,Split Level,1.5 Storey,0.0,2025-04-07,1,1
4759846,1637.0,1892.0,255.0,6000.0,5700.0,300.0,3.0,4.0,1.0,1.5,2.0,0.5,7.0,8.0,1.0,Detached,Detached,1.0,Split Level,Split Level,1.0,2025-02-17,1,1
4759846,1637.0,1531.0,106.0,6000.0,7370.0,1370.0,3.0,3.0,0.0,1.5,1.5,0.0,7.0,6.0,1.0,Detached,Detached,1.0,Split Level,Bi-Level,0.0,2024-11-20,0,1
4764028,1822.0,1582.0,240.0,911.0,1221.0,310.0,3.0,3.0,0.0,2.5,2.0,0.5,9.0,8.0,1.0,Townhouse,Townhouse,1.0,3+ Storey,2 Storey,0.0,2025-01-31,1,1
4764028,1822.0,1823.0,1.0,911.0,2985.0,2074.0,3.0,2.0,1.0,2.5,2.0,0.5,9.0,7.0,2.0,Townhouse,Townhouse,1.0,3+ Storey,3 Storey,0.0,2024-08-14,0,0
4764028,1822.0,3336.0,1514.0,911.0,2449.0,1538.0,3.0,5.0,2.0,2.5,3.5,1.0,9.0,10.0,1.0,Townhouse,Townhouse,1.0,3+ Storey,3 Storey,0.0,2025-07-15,1,1
4766326,1109.0,1109.0,0.0,8398.0,5300.0,3098.0,3.0,3.0,0.0,1.0,2.0,1.0,6.0,6.0,0.0,Detached,Detached,1.0,Bungalow,Bungalow,1.0,2025-03-06,1,1
4766326,1109.0,1313.0,204.0,8398.0,7008.0,1390.0,3.0,3.0,0.0,1.0,2.0,1.0,6.0,6.0,0.0,Detached,Detached,1.0,Bungalow,Bungalow,1.0,2025-01-10,0,1
4766326,1109.0,1204.0,95.0,8398.0,5039.0,3359.0,3.0,3.0,0.0,1.0,1.5,0.5,6.0,6.0,0.0,Detached,Detached,1.0,Bungalow,Bungalow,1.0,2025-04-14,1,1
4766430,1386.0,1386.0,0.0,,,,3.0,4.0,1.0,1.5,1.5,0.0,6.0,5.0,1.0,Condominium,Condominium,1.0,2 Storey,2 Storey,1.0,2025-03-06,1,1
4766430,1386.0,1386.0,0.0,,,,3.0,3.0,0.0,1.5,1.5,0.0,6.0,5.0,1.0,Condominium,Condominium,1.0,2 Storey,2 Storey,1.0,2025-02-26,1,1
4766430,1386.0,1366.0,20.0,,,,3.0,4.0,1.0,1.5,1.5,0.0,6.0,6.0,0.0,Condominium,Condominium,1.0,2 Storey,2 Storey,1.0,2024-07-18,0,0
4767066,522.0,512.09,9.909999999999968,,,,1.0,1.0,0.0,1.0,1.0,0.0,4.0,5.0,1.0,High Rise Apartment,High Rise Apartment,1.0,1 Storey,1 Storey,1.0,2025-03-28,1,1
4767066,522.0,552.87,30.870000000000005,,,,1.0,1.0,0.0,1.0,1.0,0.0,4.0,5.0,1.0,High Rise Apartment,High Rise Apartment,1.0,1 Storey,1 Storey,1.0,2025-04-09,1,1
4767066,522.0,558.27,36.26999999999998,,,,1.0,1.0,0.0,1.0,1.0,0.0,4.0,5.0,1.0,High Rise Apartment,High Rise Apartment,1.0,1 Storey,1 Storey,1.0,2025-02-27,1,1
4768014,1607.0,1919.0,312.0,3253.0,2928.0,325.0,3.0,3.0,0.0,3.5,2.5,1.0,6.0,7.0,1.0,Detached,Detached,1.0,2 Storey,2 Storey,1.0,2025-03-05,1,1
4768014,1607.0,1746.0,139.0,3253.0,2440.0,813.0,3.0,3.0,0.0,3.5,2.5,1.0,6.0,6.0,0.0,Detached,Detached,1.0,2 Storey,2 Storey,1.0,2025-02-26,1,1
4768014,1607.0,1993.0,386.0,3253.0,2786.0,467.0,3.0,3.0,0.0,3.5,3.5,0.0,6.0,6.0,0.0,Detached,Detached,1.0,2 Storey,2 Storey,1.0,2025-04-14,1,1
4768037,2755.0,2185.0,570.0,6452.0,4800.0,1652.0,7.0,4.0,3.0,2.0,2.0,0.0,12.0,9.0,3.0,Duplex,Duplex,1.0,2 Storey,2.5 Storey,0.0,2025-02-24,1,1
4768037,2755.0,2054.0,701.0,6452.0,3200.0,3252.0,7.0,5.0,2.0,2.0,2.0,0.0,12.0,10.0,2.0,Duplex,Duplex,1.0,2 Storey,Split Level,0.0,2024-12-12,0,1
4768037,2755.0,1962.0,793.0,6452.0,12000.0,5548.0,7.0,4.0,3.0,2.0,2.0,0.0,12.0,9.0,3.0,Duplex,Duplex,1.0,2 Storey,2 Storey,1.0,2024-12-09,0,1
4763606,1634.0,1600.0,34.0,,,,4.0,4.0,0.0,2.5,2.5,0.0,8.0,8.0,0.0,Townhouse,Townhouse,1.0,2 Storey,2 Storey,1.0,2025-03-26,1,1
4763606,1634.0,1400.0,234.0,,,,4.0,3.0,1.0,2.5,2.5,0.0,8.0,6.0,2.0,Townhouse,Townhouse,1.0,2 Storey,2 Storey,1.0,2025-04-03,1,1
4763606,1634.0,1675.0,41.0,,,,4.0,3.0,1.0,2.5,2.5,0.0,8.0,6.0,2.0,Townhouse,Townhouse,1.0,2 Storey,2 Storey,1.0,2025-04-16,1,1
4763898,1170.0,1303.0,133.0,7541.0,8799.0,1258.0,2.0,3.0,1.0,1.5,1.0,0.5,6.0,6.0,0.0,Detached,Detached,1.0,1.5 Storey,1 Storey,0.0,2025-02-28,1,1
4763898,1170.0,1215.0,45.0,7541.0,10030.0,2489.0,2.0,3.0,1.0,1.5,1.0,0.5,6.0,6.0,0.0,Detached,Detached,1.0,1.5 Storey,1 Storey,0.0,2025-01-31,1,1
4763898,1170.0,1004.0,166.0,7541.0,6500.0,1041.0,2.0,3.0,1.0,1.5,1.0,0.5,6.0,5.0,1.0,Detached,Detached,1.0,1.5 Storey,1.5 Storey,1.0,2024-11-08,0,1
4765154,1840.0,2617.0,777.0,7007.0,6600.0,407.0,4.0,4.0,0.0,2.5,3.5,1.0,7.0,20.0,13.0,Detached,Detached,1.0,Split Level,2 Storey,0.0,2025-01-30,1,1
4765154,1840.0,1732.0,108.0,7007.0,4995.0,2012.0,4.0,4.0,0.0,2.5,1.5,1.0,7.0,9.0,2.0,Detached,Detached,1.0,Split Level,Split Level,1.0,2025-03-05,1,1
4765154,1840.0,1221.0,619.0,7007.0,4454.0,2553.0,4.0,3.0,1.0,2.5,1.5,1.0,7.0,10.0,3.0,Detached,Detached,1.0,Split Level,2 Storey,0.0,2025-03-31,1,1
4765502,1845.0,1765.0,80.0,10570.0,8320.0,2250.0,4.0,3.0,1.0,1.5,1.0,0.5,8.0,9.0,1.0,Detached,Detached,1.0,1.5 Storey,1 Storey,0.0,2025-02-20,1,1
4765502,1845.0,1864.0,19.0,10570.0,24420.0,13850.0,4.0,3.0,1.0,1.5,2.5,1.0,8.0,12.0,4.0,Detached,Detached,1.0,1.5 Storey,1.5 Storey,1.0,2025-01-22,1,1
4765502,1845.0,1700.0,145.0,10570.0,110.0,10460.0,4.0,3.0,1.0,1.5,1.5,0.0,8.0,8.0,0.0,Detached,Detached,1.0,1.5 Storey,2 Storey,0.0,2024-12-16,0,1
4765899,1488.0,1478.0,10.0,3685.0,3214.0,471.0,3.0,3.0,0.0,3.5,1.5,2.0,6.0,12.0,6.0,Detached,Detached,1.0,2 Storey,2 Storey,1.0,2024-10-21,0,1
4765899,1488.0,1629.0,141.0,3685.0,4291.0,606.0,3.0,4.0,1.0,3.5,3.5,0.0,6.0,15.0,9.0,Detached,Detached,1.0,2 Storey,2 Storey,1.0,2025-03-31,1,1
4765899,1488.0,1079.0,409.0,3685.0,4291.0,606.0,3.0,3.0,0.0,3.5,3.0,0.5,6.0,13.0,7.0,Detached,Detached,1.0,2 Storey,1 Storey,0.0,2025-02-13,1,1
4765948,2131.0,1500.0,631.0,6864.0,1900.0,4964.0,3.0,4.0,1.0,3.5,2.0,1.5,12.0,8.0,4.0,Triplex,Duplex,0.0,2 Storey,2 Storey,1.0,2025-02-12,1,1
4765948,2131.0,3000.0,869.0,6864.0,3825.0,3039.0,3.0,5.0,2.0,3.5,3.0,0.5,12.0,9.0,3.0,Triplex,Triplex,1.0,2 Storey,2 Storey,1.0,2024-10-29,0,1
4765948,2131.0,2000.0,131.0,6864.0,3312.0,3552.0,3.0,4.0,1.0,3.5,2.0,1.5,12.0,8.0,4.0,Triplex,Duplex,0.0,2 Storey,1 Storey,0.0,2025-01-18,0,1
4768126,1504.0,1570.0,66.0,2899.0,3035.35,136.3499999999999,3.0,3.0,0.0,2.5,2.5,0.0,6.0,6.0,0.0,Townhouse,Townhouse,1.0,2 Storey,2 Storey,1.0,2025-02-21,1,1
4768126,1504.0,1869.0,365.0,2899.0,2664.87,234.1300000000001,3.0,5.0,2.0,2.5,2.5,0.0,6.0,8.0,2.0,Townhouse,Townhouse,1.0,2 Storey,2 Storey,1.0,2025-02-27,1,1
4768126,1504.0,1830.0,326.0,2899.0,3159.74,260.7399999999998,3.0,4.0,1.0,2.5,2.5,0.0,6.0,7.0,1.0,Townhouse,Townhouse,1.0,2 Storey,2 Storey,1.0,2025-03-26,1,1
4768528,1643.0,1551.0,92.0,2780.0,2665.0,115.0,4.0,3.0,1.0,2.5,2.5,0.0,7.0,6.0,1.0,Townhouse,Townhouse,1.0,2 Storey,2 Storey,1.0,2025-03-11,1,1
4768528,1643.0,1873.0,230.0,2780.0,4843.0,2063.0,4.0,3.0,1.0,2.5,2.5,0.0,7.0,6.0,1.0,Townhouse,Townhouse,1.0,2 Storey,2 Storey,1.0,2025-01-23,0,1
4768528,1643.0,1932.0,289.0,2780.0,3582.0,802.0,4.0,4.0,0.0,2.5,2.5,0.0,7.0,7.0,0.0,Townhouse,Townhouse,1.0,2 Storey,2 Storey,1.0,2025-03-26,1,1
4769110,1236.0,1150.0,86.0,,,,3.0,3.0,0.0,2.0,2.0,0.0,6.0,6.0,0.0,Condominium,Condominium,1.0,2 Storey,2 Storey,1.0,2025-01-17,0,1
4769110,1236.0,1216.0,20.0,,,,3.0,3.0,0.0,2.0,2.0,0.0,6.0,6.0,0.0,Condominium,Condominium,1.0,2 Storey,2 Storey,1.0,2025-03-28,1,1
4769110,1236.0,1500.0,264.0,,,,3.0,3.0,0.0,2.0,2.0,0.0,6.0,6.0,0.0,Condominium,Condominium,1.0,2 Storey,2 Storey,1.0,2025-04-14,1,1
4769269,1700.0,1567.0,133.0,53143.2,21344.4,31798.799999999996,2.0,2.0,0.0,2.0,2.0,0.0,6.0,6.0,0.0,Detached,Detached,1.0,Bungalow,Bungalow,1.0,2025-04-06,1,1
4769269,1700.0,1769.0,69.0,53143.2,53143.2,0.0,2.0,2.0,0.0,2.0,2.0,0.0,6.0,6.0,0.0,Detached,Detached,1.0,Bungalow,Bungalow,1.0,2025-04-01,1,1
4769269,1700.0,1680.0,20.0,53143.2,6534.0,46609.2,2.0,3.0,1.0,2.0,2.0,0.0,6.0,6.0,0.0,Detached,Detached,1.0,Bungalow,Bungalow,1.0,2024-12-18,0,1
4770115,1992.0,1814.0,178.0,7059.0,4691.0,2368.0,3.0,2.0,1.0,3.0,3.0,0.0,8.0,6.0,2.0,Detached,Detached,1.0,Bungalow,Bungalow,1.0,2024-10-04,0,0
4770115,1992.0,1523.0,469.0,7059.0,6842.0,217.0,3.0,2.0,1.0,3.0,3.0,0.0,8.0,6.0,2.0,Detached,Detached,1.0,Bungalow,Bungalow,1.0,2024-11-04,0,1
4770115,1992.0,1988.0,4.0,7059.0,48329.0,41270.0,3.0,4.0,1.0,3.0,3.0,0.0,8.0,8.0,0.0,Detached,Detached,1.0,Bungalow,Bungalow,1.0,2025-04-30,1,1
4770310,2242.0,1590.0,652.0,6480.0,7200.0,720.0,3.0,2.0,1.0,2.5,1.5,1.0,8.0,12.0,4.0,Detached,Detached,1.0,2 Storey,2 Storey,1.0,2024-11-29,0,1
4770310,2242.0,3440.0,1198.0,6480.0,7749.0,1269.0,3.0,7.0,4.0,2.5,5.0,2.5,8.0,14.0,6.0,Detached,Detached,1.0,2 Storey,2.5 Storey,0.0,2025-04-10,1,1
4770310,2242.0,2336.0,94.0,6480.0,12600.0,6120.0,3.0,4.0,1.0,2.5,2.0,0.5,8.0,12.0,4.0,Detached,Detached,1.0,2 Storey,2 Storey,1.0,2024-06-13,0,0
4771097,758.0,819.0,61.0,,,,2.0,2.0,0.0,1.0,1.0,0.0,5.0,5.0,0.0,Condominium,Condominium,1.0,1 Storey,1 Storey,1.0,2024-12-12,0,1
4771097,758.0,594.0,164.0,,,,2.0,1.0,1.0,1.0,1.0,0.0,5.0,7.0,2.0,Condominium,Condominium,1.0,1 Storey,1 Storey,1.0,2025-02-08,1,1
4771097,758.0,819.0,61.0,,,,2.0,2.0,0.0,1.0,1.0,0.0,5.0,6.0,1.0,Condominium,Condominium,1.0,1 Storey,1 Storey,1.0,2024-07-23,0,0
4771029,2231.68,2537.4,305.72000000000025,4477.824,3821.22,656.6039999999998,5.0,4.0,1.0,3.0,3.0,0.0,9.0,9.0,0.0,Detached,Detached,1.0,2 Storey,2 Storey,1.0,2025-02-25,1,1
4771029,2231.68,2811.0,579.3200000000002,4477.824,3971.916,505.90799999999945,5.0,4.0,1.0,3.0,4.0,1.0,9.0,9.0,0.0,Detached,Detached,1.0,2 Storey,2 Storey,1.0,2025-02-28,1,1
4771029,2231.68,2336.52,104.84000000000015,4477.824,5263.596,785.7719999999999,5.0,5.0,0.0,3.0,3.0,0.0,9.0,9.0,0.0,Detached,Detached,1.0,2 Storey,2 Storey,1.0,2024-12-19,0,1
4771641,2115.0,3068.75,953.75,2744.8199999999997,3692.052,947.2320000000004,4.0,5.0,1.0,3.5,4.5,1.0,8.0,9.0,1.0,Detached,Detached,1.0,3 Storey,3 Storey,1.0,2025-01-07,0,1
4771641,2115.0,2206.09,91.09000000000015,2744.8199999999997,2583.3599999999997,161.46000000000004,4.0,3.0,1.0,3.5,2.5,1.0,8.0,6.0,2.0,Detached,Detached,1.0,3 Storey,3 Storey,1.0,2025-01-27,0,1
4771641,2115.0,1998.7,116.29999999999995,2744.8199999999997,3584.412,839.5920000000001,4.0,4.0,0.0,3.5,3.5,0.0,8.0,8.0,0.0,Detached,Detached,1.0,3 Storey,3 Storey,1.0,2025-03-07,1,1
4772017,1149.0,1259.0,110.0,3573.6479999999997,4477.824,904.1759999999999,3.0,3.0,0.0,2.0,2.0,0.0,6.0,6.0,0.0,Detached,Detached,1.0,Bi-Level,Split Level,0.0,2025-03-25,1,1
4772017,1149.0,1120.0,29.0,3573.6479999999997,5317.415999999999,1743.7679999999996,3.0,1.0,2.0,2.0,1.5,0.5,6.0,5.0,1.0,Detached,Detached,1.0,Bi-Level,Bi-Level,1.0,2025-02-18,1,1
4772017,1149.0,1189.04,40.039999999999964,3573.6479999999997,3326.076,247.57199999999966,3.0,3.0,0.0,2.0,2.0,0.0,6.0,6.0,0.0,Detached,Detached,1.0,Bi-Level,Bi-Level,1.0,2025-04-25,1,1
4772152,1372.0,1811.0,439.0,4101.084,10.97,4090.114,3.0,3.0,0.0,1.5,2.5,1.0,8.0,7.0,1.0,Detached,Detached,1.0,2 Storey,2 Storey,1.0,2025-04-25,1,1
4772152,1372.0,1554.0,182.0,4101.084,16.74,4084.344,3.0,3.0,0.0,1.5,2.5,1.0,8.0,6.0,2.0,Detached,Detached,1.0,2 Storey,2 Storey,1.0,2025-02-21,1,1
4772152,1372.0,1548.0,176.0,4101.084,11.64,4089.444,3.0,3.0,0.0,1.5,2.5,1.0,8.0,7.0,1.0,Detached,Detached,1.0,2 Storey,2 Storey,1.0,2025-02-03,1,1
4775892,1178.0,1178.0,0.0,,,,3.0,3.0,0.0,1.5,2.5,1.0,6.0,6.0,0.0,Townhouse,Townhouse,1.0,2 Storey,2 Storey,1.0,2025-01-25,0,1
4775892,1178.0,1178.0,0.0,,,,3.0,3.0,0.0,1.5,1.5,0.0,6.0,7.0,1.0,Townhouse,Townhouse,1.0,2 Storey,2 Storey,1.0,2024-12-06,0,1
4775892,1178.0,1231.0,53.0,,,,3.0,4.0,1.0,1.5,2.0,0.5,6.0,7.0,1.0,Townhouse,Townhouse,1.0,2 Storey,2 Storey,1.0,2025-03-10,1,1
4776066,2203.0,2540.0,337.0,3702.816,4628.5199999999995,925.7039999999997,3.0,4.0,1.0,2.5,2.5,0.0,9.0,8.0,1.0,Detached,Detached,1.0,2 Storey,2 Storey,1.0,2025-03-23,1,1
4776066,2203.0,2274.0,71.0,3702.816,4154.9039999999995,452.08799999999974,3.0,3.0,0.0,2.5,2.5,0.0,9.0,8.0,1.0,Detached,Detached,1.0,2 Storey,2 Storey,1.0,2025-02-14,1,1
4776066,2203.0,2431.0,228.0,3702.816,4789.98,1087.1639999999998,3.0,3.0,0.0,2.5,2.5,0.0,9.0,8.0,1.0,Detached,Detached,1.0,2 Storey,2 Storey,1.0,2025-02-08,1,1
4773295,1675.0,1032.0,643.0,21780.0,23408.0,1628.0,2.0,3.0,1.0,1.5,1.0,0.5,6.0,7.0,1.0,Detached,Detached,1.0,1 Storey,1 Storey,1.0,2025-02-27,1,1
4773295,1675.0,1560.0,115.0,21780.0,107120.0,85340.0,2.0,3.0,1.0,1.5,1.0,0.5,6.0,7.0,1.0,Detached,Detached,1.0,1 Storey,1 Storey,1.0,2024-12-11,0,1
4773295,1675.0,1700.0,25.0,21780.0,34600.0,12820.0,2.0,3.0,1.0,1.5,2.0,0.5,6.0,7.0,1.0,Detached,Detached,1.0,1 Storey,1 Storey,1.0,2025-05-02,1,1
4775247,1952.0,2352.1,400.0999999999999,10021.284,9902.88,118.40400000000045,3.0,3.0,0.0,2.5,3.0,0.5,7.0,9.0,2.0,Detached,Detached,1.0,2 Storey,2 Storey,1.0,2025-04-08,1,1
4775247,1952.0,1560.55,391.45000000000005,10021.284,10893.168,871.884,3.0,3.0,0.0,2.5,2.5,0.0,7.0,7.0,0.0,Detached,Detached,1.0,2 Storey,2 Storey,1.0,2025-04-07,1,1
4775247,1952.0,2238.5,286.5,10021.284,8708.076,1313.2080000000005,3.0,4.0,1.0,2.5,2.5,0.0,7.0,8.0,1.0,Detached,Detached,1.0,2 Storey,2 Storey,1.0,2025-03-24,1,1
4773534,2773.0,2000.0,773.0,217800.0,34952.0,182848.0,4.0,3.0,1.0,2.5,2.5,0.0,8.0,7.0,1.0,Detached,Detached,1.0,Split Level,1 Storey,0.0,2025-04-14,1,1
4773534,2773.0,2009.0,764.0,217800.0,41745.0,176055.0,4.0,3.0,1.0,2.5,2.5,0.0,8.0,8.0,0.0,Detached,Detached,1.0,Split Level,2 Storey,0.0,2025-03-28,1,1
4773534,2773.0,4302.0,1529.0,217800.0,372060.0,154260.0,4.0,4.0,0.0,2.5,3.5,1.0,8.0,8.0,0.0,Detached,Detached,1.0,Split Level,2 Storey,0.0,2024-11-28,0,1
4773833,2304.0,1418.0,886.0,23046.0,22500.0,546.0,4.0,3.0,1.0,2.0,2.0,0.0,10.0,7.0,3.0,Detached,Detached,1.0,2 Storey,1 Storey,0.0,2024-11-17,0,1
4773833,2304.0,1089.0,1215.0,23046.0,21582.0,1464.0,4.0,6.0,2.0,2.0,2.0,0.0,10.0,7.0,3.0,Detached,Detached,1.0,2 Storey,1 Storey,0.0,2025-02-11,1,1
4773833,2304.0,2685.0,381.0,23046.0,17000.0,6046.0,4.0,5.0,1.0,2.0,2.0,0.0,10.0,10.0,0.0,Detached,Detached,1.0,2 Storey,Split Level,0.0,2025-03-04,1,1
4776648,1050.0,1158.0,108.0,10014.0,5400.0,4614.0,4.0,3.0,1.0,2.0,1.5,0.5,5.0,10.0,5.0,Detached,Detached,1.0,1 Storey,1 Storey,1.0,2025-02-05,1,1
4776648,1050.0,1537.0,487.0,10014.0,4865.0,5149.0,4.0,3.0,1.0,2.0,2.0,0.0,5.0,8.0,3.0,Detached,Detached,1.0,1 Storey,1 Storey,1.0,2025-04-05,1,1
4776648,1050.0,1494.0,444.0,10014.0,6900.0,3114.0,4.0,4.0,0.0,2.0,2.0,0.0,5.0,13.0,8.0,Detached,Detached,1.0,1 Storey,Split Level,0.0,2025-04-14,1,1
4777578,2061.0,2342.0,281.0,9450.792,7840.0,1610.7919999999995,3.0,3.0,0.0,3.5,2.5,1.0,9.0,8.0,1.0,Detached,Detached,1.0,2 Storey,2 Storey,1.0,2025-03-28,1,1
4777578,2061.0,2700.0,639.0,9450.792,8276.0,1174.7919999999995,3.0,3.0,0.0,3.5,3.5,0.0,9.0,8.0,1.0,Detached,Detached,1.0,2 Storey,2 Storey,1.0,2025-04-25,1,1
4777578,2061.0,1917.0,144.0,9450.792,10018.0,567.2080000000005,3.0,3.0,0.0,3.5,3.5,0.0,9.0,7.0,2.0,Detached,Detached,1.0,2 Storey,2 Storey,1.0,2025-04-17,1,1
4776534,3543.1,4180.0,636.9000000000001,7524.035999999999,9030.996,1506.96,3.0,5.0,2.0,3.5,3.5,0.0,8.0,9.0,1.0,Detached,Detached,1.0,2 Storey,2 Storey,1.0,2025-04-30,1,1
4776534,3543.1,3436.47,106.63000000000011,7524.035999999999,10193.508,2669.4720000000007,3.0,3.0,0.0,3.5,2.5,1.0,8.0,10.0,2.0,Detached,Detached,1.0,2 Storey,2 Storey,1.0,2025-03-31,1,1
4776534,3543.1,60.0,3483.1,7524.035999999999,8116.056,592.0200000000004,3.0,3.0,0.0,3.5,3.5,0.0,8.0,9.0,1.0,Detached,Detached,1.0,2 Storey,2 Storey,1.0,2025-04-08,1,1
4776574,2352.0,2389.0,37.0,4768.0,3799.0,969.0,3.0,3.0,0.0,3.5,3.5,0.0,7.0,9.0,2.0,Detached,Detached,1.0,2 Storey,2 Storey,1.0,2025-04-17,1,1
4776574,2352.0,2344.0,8.0,4768.0,5360.0,592.0,3.0,3.0,0.0,3.5,3.5,0.0,7.0,9.0,2.0,Detached,Detached,1.0,2 Storey,2 Storey,1.0,2025-02-14,1,1
4776574,2352.0,2097.0,255.0,4768.0,3961.0,807.0,3.0,3.0,0.0,3.5,3.5,0.0,7.0,6.0,1.0,Detached,Detached,1.0,2 Storey,2 Storey,1.0,2025-03-13,1,1
4777828,2385.0,2341.0,44.0,4919.0,5364.3216,445.3216000000002,,3.0,,,2.5,,,8.0,,,,,2 Storey,2 Storey,1.0,2025-04-28,1,1
4777828,2385.0,2432.0,47.0,4919.0,4683.9845000000005,235.01549999999952,,4.0,,,2.5,,,8.0,,,,,2 Storey,2 Storey,1.0,2025-02-07,1,1
4777828,2385.0,1916.0,469.0,4919.0,5255.7792,336.77919999999995,,3.0,,,2.5,,,6.0,,,,,2 Storey,2 Storey,1.0,2025-03-21,1,1
4778535,2002.104,2002.104,0.0,6243.12,6243.12,0.0,8.0,8.0,0.0,4.0,5.0,1.0,12.0,12.0,0.0,Fourplex,Fourplex,1.0,Bi-Level,Bi-Level,1.0,2025-04-12,1,1
4778535,2002.104,2098.98,96.87599999999998,6243.12,6243.12,0.0,8.0,7.0,1.0,4.0,4.0,0.0,12.0,11.0,1.0,Fourplex,Fourplex,1.0,Bi-Level,Bi-Level,1.0,2024-11-08,0,1
4778535,2002.104,1614.6,387.50400000000013,6243.12,7491.744,1248.6239999999998,8.0,8.0,0.0,4.0,4.0,0.0,12.0,12.0,0.0,Fourplex,Fourplex,1.0,Bi-Level,Bi-Level,1.0,2024-12-06,0,1
4778557,1290.0,1286.0,4.0,5791.0,4596.0,1195.0,2.0,2.0,0.0,3.0,3.0,0.0,5.0,5.0,0.0,Detached,Detached,1.0,Bungalow,Bungalow,1.0,2025-04-16,1,1
4778557,1290.0,1514.0,224.0,5791.0,4929.0,862.0,2.0,2.0,0.0,3.0,3.0,0.0,5.0,6.0,1.0,Detached,Detached,1.0,Bungalow,Bi-Level,0.0,2025-01-24,0,1
4778557,1290.0,1401.0,111.0,5791.0,5823.0,32.0,2.0,3.0,1.0,3.0,2.5,0.5,5.0,6.0,1.0,Detached,Detached,1.0,Bungalow,Bungalow,1.0,2024-12-28,0,1
4779669,1451.0,1617.0,166.0,3625.0,3054.0,571.0,3.0,4.0,1.0,1.5,2.5,1.0,6.0,8.0,2.0,Detached,Detached,1.0,2 Storey,2 Storey,1.0,2025-04-11,1,1
4779669,1451.0,1625.0,174.0,3625.0,3150.0,475.0,3.0,3.0,0.0,1.5,2.5,1.0,6.0,6.0,0.0,Detached,Detached,1.0,2 Storey,2 Storey,1.0,2025-02-21,1,1
4779669,1451.0,1453.0,2.0,3625.0,3653.0,28.0,3.0,3.0,0.0,1.5,1.5,0.0,6.0,6.0,0.0,Detached,Detached,1.0,2 Storey,2 Storey,1.0,2025-01-02,0,1
4778791,678.0,825.0,147.0,,,,2.0,2.0,0.0,2.0,1.0,1.0,5.0,7.0,2.0,Condominium,Condominium,1.0,1 Storey,1 Storey,1.0,2025-03-05,1,1
4778791,678.0,609.0,69.0,,,,2.0,2.0,0.0,2.0,2.0,0.0,5.0,8.0,3.0,Condominium,Condominium,1.0,1 Storey,1 Storey,1.0,2025-02-28,1,1
4778791,678.0,818.0,140.0,,,,2.0,2.0,0.0,2.0,2.0,0.0,5.0,5.0,0.0,Condominium,Condominium,1.0,1 Storey,1 Storey,1.0,2024-11-23,0,1
4778794,665.0,825.0,160.0,,,,2.0,2.0,0.0,2.0,1.0,1.0,5.0,7.0,2.0,Condominium,Condominium,1.0,1 Storey,1 Storey,1.0,2025-03-05,1,1
4778794,665.0,609.0,56.0,,,,2.0,2.0,0.0,2.0,2.0,0.0,5.0,8.0,3.0,Condominium,Condominium,1.0,1 Storey,1 Storey,1.0,2025-02-28,1,1
4778794,665.0,818.0,153.0,,,,2.0,2.0,0.0,2.0,2.0,0.0,5.0,5.0,0.0,Condominium,Condominium,1.0,1 Storey,1 Storey,1.0,2024-11-23,0,1
4778797,584.0,825.0,241.0,,,,1.0,2.0,1.0,1.0,1.0,0.0,5.0,7.0,2.0,Condominium,Condominium,1.0,1 Storey,1 Storey,1.0,2025-03-05,1,1
4778797,584.0,609.0,25.0,,,,1.0,2.0,1.0,1.0,2.0,1.0,5.0,8.0,3.0,Condominium,Condominium,1.0,1 Storey,1 Storey,1.0,2025-02-28,1,1
4778797,584.0,818.0,234.0,,,,1.0,2.0,1.0,1.0,2.0,1.0,5.0,5.0,0.0,Condominium,Condominium,1.0,1 Storey,1 Storey,1.0,2024-11-23,0,1
4778326,1746.79,1788.0,41.210000000000036,8169.875999999999,6802.848,1367.0279999999993,3.0,3.0,0.0,2.5,2.5,0.0,7.0,8.0,1.0,Detached,Detached,1.0,Split Level,2 Storey,0.0,2025-04-11,1,1
4778326,1746.79,1682.55,64.24000000000001,8169.875999999999,4004.208,4165.668,3.0,3.0,0.0,2.5,2.5,0.0,7.0,7.0,0.0,Detached,Detached,1.0,Split Level,2 Storey,0.0,2025-03-08,1,1
4778326,1746.79,2100.0,353.21000000000004,8169.875999999999,6178.536,1991.3399999999992,3.0,3.0,0.0,2.5,2.5,0.0,7.0,8.0,1.0,Detached,Detached,1.0,Split Level,Split Level,1.0,2025-04-10,1,1
4758996,1144.0,1377.9,233.9000000000001,5823.324,7674.732,1851.4080000000004,3.0,3.0,0.0,1.5,2.0,0.5,6.0,7.0,1.0,Detached,Detached,1.0,Split Level,Bungalow,0.0,2025-04-02,1,1
4758996,1144.0,1071.86,72.1400000000001,5823.324,4908.384,914.9399999999996,3.0,3.0,0.0,1.5,2.0,0.5,6.0,5.0,1.0,Detached,Detached,1.0,Split Level,Bi-Level,0.0,2025-03-28,1,1
4758996,1144.0,1085.91,58.08999999999992,5823.324,5575.7519999999995,247.57200000000012,3.0,3.0,0.0,1.5,2.0,0.5,6.0,6.0,0.0,Detached,Detached,1.0,Split Level,Split Level,1.0,2025-02-25,1,1
4775785,2138.0,1844.0,294.0,435600.0,54450000.0,54014400.0,5.0,4.0,1.0,2.0,2.0,0.0,10.0,10.0,0.0,Detached,Detached,1.0,2 Storey,2 Storey,1.0,2025-01-03,0,1
4775785,2138.0,3790.0,1652.0,435600.0,499351.5,63751.5,5.0,5.0,0.0,2.0,2.5,0.5,10.0,14.0,4.0,Detached,Detached,1.0,2 Storey,2 Storey,1.0,2025-04-04,1,1
4775785,2138.0,2523.0,385.0,435600.0,260000.0,175600.0,5.0,3.0,2.0,2.0,1.5,0.5,10.0,11.0,1.0,Detached,Detached,1.0,2 Storey,2 Storey,1.0,2025-04-04,1,1
4775292,2250.0,1240.0,1010.0,435600.0,94525.2,341074.8,5.0,1.0,4.0,3.0,2.0,1.0,10.0,6.0,4.0,Detached,Detached,1.0,Bungalow,Bungalow,1.0,2025-04-02,1,1
4775292,2250.0,1634.0,616.0,435600.0,87120.0,348480.0,5.0,3.0,2.0,3.0,2.0,1.0,10.0,7.0,3.0,Detached,Detached,1.0,Bungalow,Bungalow,1.0,2025-02-09,1,1
4775292,2250.0,1610.0,640.0,435600.0,435600.0,0.0,5.0,3.0,2.0,3.0,1.0,2.0,10.0,6.0,4.0,Detached,Detached,1.0,Bungalow,Bungalow,1.0,2024-11-20,0,1
4723364,1254.0,814.0,440.0,609840.0,11630520.0,11020680.0,3.0,2.0,1.0,1.5,1.5,0.0,7.0,9.0,2.0,Detached,Detached,1.0,2 Storey,1.5 Storey,0.0,2024-11-20,1,1
4723364,1254.0,1350.0,96.0,609840.0,444780.0,165060.0,3.0,3.0,0.0,1.5,1.0,0.5,7.0,7.0,0.0,Detached,Detached,1.0,2 Storey,Bungalow,0.0,2024-11-18,1,1
4723364,1254.0,984.0,270.0,609840.0,10497960.0,9888120.0,3.0,3.0,0.0,1.5,1.0,0.5,7.0,12.0,5.0,Detached,Detached,1.0,2 Storey,2 Storey,1.0,2024-10-04,0,1
