Order ID,Subject GLA,Subject Lot Size,Subject Bedrooms,Subject Bathrooms,Subject Property Type,Subject Stories,Effective Date,Rank,Ranking Score,Candidate GLA,Candidate Lot Size,Candidate Bedrooms,Candidate Bathrooms,Candidate Property Type,Candidate Stories,Sale Date,GLA Difference,Lot Size Difference,Bedroom Difference,Bathroom Difference,Same Property Type,Same Storey Type,Recent Sale (90 days),Size Similarity,Property Match Score,Total Difference Score,_score
4723364,1254.0,609840.0,3.0,1.5,Detached,2 Storey,2025-02-13,1,3.7046,1300.0,3636.0,3.0,2.0,Detached,2 Storey,2025-02-07,46 (3.5%),606204,0.0,0.5,Yes,Yes,Yes,0.685,1.000,1.715,3.7046
4723364,1254.0,609840.0,3.0,1.5,Detached,2 Storey,2025-02-13,2,3.5500,1482.0,22080.0,3.0,2.0,Detached,Bungalow,2025-01-24,228 (15.4%),587760,0.0,0.5,Yes,No,Yes,0.305,0.700,6.654,3.55
4723364,1254.0,609840.0,3.0,1.5,Detached,2 Storey,2025-02-13,3,3.5500,1210.0,101.0,2.0,2.0,Detached,Bungalow,2025-03-07,44 (3.6%),609739,1.0,0.5,Yes,No,Yes,0.694,0.700,1.955,3.55
4742669,839.592,4639.284,2.0,2.0,Detached,Bungalow,2025-03-24,1,4.7925,839.0,5392.0,3.0,2.0,Detached,Bungalow,2024-12-26,1 (0.1%),753,1.0,0.0,Yes,Yes,Yes,0.994,1.000,0.428,4.7925
4742669,839.592,4639.284,2.0,2.0,Detached,Bungalow,2025-03-24,2,4.4360,959.0,6157.0,3.0,2.0,Detached,Bungalow,2025-01-14,119 (12.5%),1518,1.0,0.0,Yes,Yes,Yes,0.456,1.000,5.981,4.436
4742669,839.592,4639.284,2.0,2.0,Detached,Bungalow,2025-03-24,3,4.4079,816.0,5747.0,3.0,2.0,Detached,Bungalow,2025-01-27,24 (2.9%),1108,1.0,0.0,Yes,Yes,Yes,0.809,1.000,2.356,4.4079
4752865,2974.0,6512.219999999999,4.0,2.5,Detached,2 Storey,2025-04-07,1,2.7975,2628.0,5769.5,6.0,3.5,Detached,2 Storey,2025-04-10,346 (13.2%),743,2.0,1.0,Yes,Yes,Yes,0.224,1.000,7.266,2.7975
4752865,2974.0,6512.219999999999,4.0,2.5,Detached,2 Storey,2025-04-07,2,2.4460,2544.0,4513.1,6.0,3.5,Detached,2 Storey,2025-05-08,430 (16.9%),1999,2.0,1.0,Yes,Yes,Yes,0.189,1.000,8.961,2.446
4752865,2974.0,6512.219999999999,4.0,2.5,Detached,2 Storey,2025-04-07,3,1.5755,2445.0,5601.0,4.0,3.5,Detached,2 Storey,2025-03-31,529 (21.6%),911,0.0,1.0,Yes,Yes,Yes,0.159,1.000,9.254,1.5755
4755196,2956.0,3601.0,4.0,3.5,Detached,2 Storey,2025-04-14,1,4.3639,2826.0,3168.0,4.0,4.0,Detached,2 Storey,2025-02-21,130 (4.6%),433,0.0,0.5,Yes,Yes,Yes,0.435,1.000,2.140,4.3639
4755196,2956.0,3601.0,4.0,3.5,Detached,2 Storey,2025-04-14,2,3.9792,2750.0,3080.0,3.0,3.0,Detached,2 Storey,2025-02-15,206 (7.5%),521,1.0,0.5,Yes,Yes,Yes,0.327,1.000,4.696,3.9792
4755196,2956.0,3601.0,4.0,3.5,Detached,2 Storey,2025-04-14,3,3.7449,2953.0,,4.0,4.0,Detached,2 Storey,2025-03-08,3 (0.1%),nan,0.0,0.5,Yes,Yes,Yes,0.971,1.000,0.541,3.7449
4756192,1109.0,,2.0,2.0,High Rise Apartment,1 Storey,2025-04-07,1,-2.3218,1044.0,,2.0,2.0,Condominium,,2025-01-16,65 (6.2%),nan,0.0,0.0,No,Yes,Yes,0.606,nan,3.090,2.3218
4756192,1109.0,,2.0,2.0,High Rise Apartment,1 Storey,2025-04-07,2,-2.3218,1013.0,4606.0,5.0,2.0,Detached,Bungalow,2025-01-17,96 (9.5%),nan,3.0,0.0,No,No,Yes,0.510,0.300,5.391,2.3218
4756192,1109.0,,2.0,2.0,High Rise Apartment,1 Storey,2025-04-07,3,-2.3218,1303.0,,2.0,2.0,Condominium,,2025-01-20,194 (14.9%),nan,0.0,0.0,No,Yes,Yes,0.340,nan,6.355,2.3218
4756320,1580.0,3552.12,3.0,2.5,Detached,2 Storey,2025-04-04,1,4.8206,1377.0,5194.2,3.0,2.5,Detached,2 Storey,2025-04-02,203 (14.7%),1642,0.0,0.0,Yes,Yes,Yes,0.330,1.000,6.297,4.8206
4756320,1580.0,3552.12,3.0,2.5,Detached,2 Storey,2025-04-04,2,4.8206,1620.0,2905.1,3.0,2.5,Detached,2 Storey,2025-04-03,40 (2.5%),647,0.0,0.0,Yes,Yes,Yes,0.714,1.000,1.388,4.8206
4756320,1580.0,3552.12,3.0,2.5,Detached,2 Storey,2025-04-04,3,4.7925,1378.0,2984.2,3.0,2.5,Detached,2 Storey,2025-04-08,202 (14.7%),568,0.0,0.0,Yes,Yes,Yes,0.331,1.000,6.064,4.7925
4756829,1587.0,1868.0,3.0,3.5,Townhouse,2 Storey,2025-04-08,1,4.2112,1781.0,1900.0,3.0,3.0,Townhouse,2 Storey,2025-03-06,194 (10.9%),32,0.0,0.5,Yes,Yes,Yes,0.340,1.000,4.857,4.2112
4756829,1587.0,1868.0,3.0,3.5,Townhouse,2 Storey,2025-04-08,2,4.1723,1500.0,2020.0,3.0,3.0,Townhouse,2 Storey,2025-01-18,87 (5.8%),152,0.0,0.5,Yes,Yes,Yes,0.535,1.000,3.020,4.1723
4756829,1587.0,1868.0,3.0,3.5,Townhouse,2 Storey,2025-04-08,3,4.1280,1895.0,1860.0,3.0,3.0,Townhouse,2 Storey,2025-02-10,308 (16.3%),8,0.0,0.5,Yes,Yes,Yes,0.245,1.000,6.801,4.128
4757939,968.76,6738.263999999999,2.0,2.0,Detached,Bungalow,2025-04-07,1,4.7757,1094.0,6210.0,5.0,2.0,Detached,Bungalow,2025-01-07,125 (11.4%),528,3.0,0.0,Yes,Yes,Yes,0.444,1.000,5.579,4.7757
4757939,968.76,6738.263999999999,2.0,2.0,Detached,Bungalow,2025-04-07,2,4.4360,974.0,5209.0,5.0,2.0,Detached,Bungalow,2025-01-30,5 (0.5%),1529,3.0,0.0,Yes,Yes,Yes,0.950,1.000,2.615,4.436
4757939,968.76,6738.263999999999,2.0,2.0,Detached,Bungalow,2025-04-07,3,4.4360,940.0,5392.0,3.0,2.0,Detached,Bungalow,2025-05-09,29 (3.1%),1346,1.0,0.0,Yes,Yes,Yes,0.777,1.000,3.024,4.436
4757966,1039.0,,2.0,2.0,Low Rise Apartment,1 Storey,2025-04-07,1,-2.3218,944.0,,2.0,2.0,Condominium,,2025-01-16,95 (10.1%),nan,0.0,0.0,No,Yes,Yes,0.513,nan,4.425,2.3218
4757966,1039.0,,2.0,2.0,Low Rise Apartment,1 Storey,2025-04-07,2,-2.3218,1065.0,,2.0,2.0,Condominium,,2025-01-18,26 (2.4%),nan,0.0,0.0,No,Yes,Yes,0.794,nan,1.177,2.3218
4757966,1039.0,,2.0,2.0,Low Rise Apartment,1 Storey,2025-04-07,3,-2.3218,1208.0,3293.0,4.0,2.0,Semi Detached,Bi-Level,2025-01-28,169 (14.0%),nan,2.0,0.0,No,No,Yes,0.372,0.300,6.596,2.3218
4758025,2809.404,8191.404,4.0,3.5,Detached,2 Storey,2025-04-16,1,4.7108,2586.0,4768.0,4.0,3.5,Detached,2 Storey,2025-05-09,223 (8.6%),3423,0.0,0.0,Yes,Yes,Yes,0.309,1.000,3.856,4.7108
4758025,2809.404,8191.404,4.0,3.5,Detached,2 Storey,2025-04-16,2,4.4360,2899.0,6501.0,5.0,3.5,Detached,2 Storey,2025-02-14,90 (3.1%),1690,1.0,0.0,Yes,Yes,Yes,0.527,1.000,2.836,4.436
4758025,2809.404,8191.404,4.0,3.5,Detached,2 Storey,2025-04-16,3,4.4231,2584.0,5511.0,4.0,3.5,Detached,2 Storey,2025-01-16,225 (8.7%),2680,0.0,0.0,Yes,Yes,Yes,0.307,1.000,5.089,4.4231
4758316,789.0,,2.0,2.0,Condominium,1 Storey,2025-04-07,1,-0.3923,843.0,,2.0,2.0,Condominium,,2025-01-10,54 (6.4%),nan,0.0,0.0,Yes,Yes,Yes,0.649,nan,2.962,0.3923
4758316,789.0,,2.0,2.0,Condominium,1 Storey,2025-04-07,2,-0.3923,934.0,,2.0,2.0,Condominium,,2025-01-11,145 (15.5%),nan,0.0,0.0,Yes,Yes,Yes,0.408,nan,6.210,0.3923
4758316,789.0,,2.0,2.0,Condominium,1 Storey,2025-04-07,3,-0.3923,881.0,,2.0,2.0,Condominium,,2025-02-07,92 (10.4%),nan,0.0,0.0,Yes,Yes,Yes,0.521,nan,4.377,0.3923
4758324,1094.0,12600.0,3.0,2.0,Detached,1 Storey,2025-04-09,1,4.2626,1347.0,21357.0,2.0,2.0,Detached,1 Storey,2025-05-09,253 (18.8%),8757,1.0,0.0,Yes,Yes,Yes,0.283,1.000,7.713,4.2626
4758324,1094.0,12600.0,3.0,2.0,Detached,1 Storey,2025-04-09,2,4.1363,1257.0,37535.0,3.0,2.0,Detached,Bungalow,2025-03-25,163 (13.0%),24935,0.0,0.0,Yes,No,Yes,0.380,0.700,5.387,4.1363
4758324,1094.0,12600.0,3.0,2.0,Detached,1 Storey,2025-04-09,3,4.1363,1082.0,28747.0,2.0,2.0,Detached,1.5 Storey,2025-05-01,12 (1.1%),16147,1.0,0.0,Yes,No,Yes,0.893,0.700,0.644,4.1363
4758529,1176.0,,2.0,2.0,High Rise Apartment,1 Storey,2025-04-08,1,-4.2280,,2057.0,4.0,0.0,Semi Detached,2.5 Storey,2025-03-22,nan (0.0%),nan,2.0,2.0,No,No,Yes,nan,0.300,1.400,4.228
4758529,1176.0,,2.0,2.0,High Rise Apartment,1 Storey,2025-04-08,2,-4.2280,,2160.0,3.0,0.0,Semi Detached,2 Storey,2025-03-24,nan (0.0%),nan,1.0,2.0,No,No,Yes,nan,0.300,0.800,4.228
4758529,1176.0,,2.0,2.0,High Rise Apartment,1 Storey,2025-04-08,3,-4.2280,,,0.0,0.0,,,2025-04-13,nan (0.0%),nan,2.0,2.0,Yes,Yes,Yes,nan,nan,1.400,4.228
4758615,1334.0,3253.0,1.0,3.0,Townhouse,Bungalow,2025-04-08,1,4.6660,1484.0,2071.0,3.0,3.0,Townhouse,2 Storey,2025-02-18,150 (10.1%),1182,2.0,0.0,Yes,No,Yes,0.400,0.700,4.843,4.666
4758615,1334.0,3253.0,1.0,3.0,Townhouse,Bungalow,2025-04-08,2,4.4494,1561.0,1900.0,3.0,3.0,Townhouse,2 Storey,2025-02-21,227 (14.5%),1353,2.0,0.0,Yes,No,Yes,0.306,0.700,6.817,4.4494
4758615,1334.0,3253.0,1.0,3.0,Townhouse,Bungalow,2025-04-08,3,1.9306,1689.0,2592.0,3.0,4.0,Townhouse,2 Storey,2025-02-14,355 (21.0%),661,2.0,1.0,Yes,No,Yes,0.220,0.700,10.007,1.9306
4758672,2010.0,33661.0,3.0,2.5,Detached,2 Storey,2025-04-09,1,4.0936,2011.0,1777250.0,3.0,2.5,Detached,2 Storey,2025-03-25,1 (0.0%),1743589,0.0,0.0,Yes,Yes,Yes,0.990,1.000,0.220,4.0936
4758672,2010.0,33661.0,3.0,2.5,Detached,2 Storey,2025-04-09,2,3.9018,1865.0,72922.0,3.0,3.0,Detached,2 Storey,2025-04-15,145 (7.8%),39261,0.0,0.5,Yes,Yes,Yes,0.408,1.000,3.610,3.9018
4758672,2010.0,33661.0,3.0,2.5,Detached,2 Storey,2025-04-09,3,3.8765,1693.0,28176.0,5.0,2.5,Detached,2 Storey,2025-01-17,317 (18.7%),5485,2.0,0.0,Yes,Yes,Yes,0.240,1.000,8.290,3.8765
4758996,1144.0,5823.324,3.0,1.5,Detached,Split Level,2025-04-09,1,4.6660,1148.0,4413.0,3.0,1.5,Detached,Bungalow,2025-03-19,4 (0.3%),1410,0.0,0.0,Yes,No,Yes,0.962,0.700,0.139,4.666
4758996,1144.0,5823.324,3.0,1.5,Detached,Split Level,2025-04-09,2,4.6112,1335.0,3346.0,3.0,1.5,Detached,2 Storey,2025-02-04,191 (14.3%),2477,0.0,0.0,Yes,No,Yes,0.344,0.700,5.923,4.6112
4758996,1144.0,5823.324,3.0,1.5,Detached,Split Level,2025-04-09,3,4.2533,1000.0,4958.0,3.0,1.5,Detached,Bungalow,2025-05-07,144 (14.4%),865,0.0,0.0,Yes,No,Yes,0.410,0.700,6.760,4.2533
4759024,2647.944,4929.911999999999,5.0,4.0,Detached,2 Storey,2025-04-07,1,3.8720,2338.0,3344.0,4.0,3.0,Detached,2 Storey,2025-03-03,310 (13.3%),1586,1.0,1.0,Yes,Yes,Yes,0.244,1.000,5.903,3.872
4759024,2647.944,4929.911999999999,5.0,4.0,Detached,2 Storey,2025-04-07,2,3.5537,2270.0,4370.0,4.0,4.0,Detached,2 Storey,2025-01-20,378 (16.6%),560,1.0,0.0,Yes,Yes,Yes,0.209,1.000,nan,3.5537
4759024,2647.944,4929.911999999999,5.0,4.0,Detached,2 Storey,2025-04-07,3,3.5376,2250.0,6534.0,4.0,3.5,Detached,2 Storey,2025-01-29,398 (17.7%),1604,1.0,0.5,Yes,Yes,Yes,0.201,1.000,7.775,3.5376
4759088,1400.0,37374.0,3.0,2.0,Detached,Bungalow Raised,2025-04-11,1,4.0999,1130.0,35810.0,2.0,2.0,Detached,1.5 Storey,2025-04-04,270 (23.9%),1564,1.0,0.0,Yes,No,Yes,0.270,0.700,9.958,4.0999
4759088,1400.0,37374.0,3.0,2.0,Detached,Bungalow Raised,2025-04-11,2,-0.0849,1366.0,48424.0,3.0,2.0,Detached,Bungalow,2024-10-23,34 (2.5%),11050,0.0,0.0,Yes,No,No,0.746,0.400,1.396,0.0849
4759088,1400.0,37374.0,3.0,2.0,Detached,Bungalow Raised,2025-04-11,3,-0.0849,1646.0,24573.0,3.0,2.0,Detached,1.5 Storey,2024-11-08,246 (14.9%),12801,0.0,0.0,Yes,No,No,0.289,0.400,6.378,0.0849
4759260,864.0,15936.0,3.0,1.0,Detached,1 Storey,2025-04-09,1,2.7064,1082.0,28747.0,2.0,2.0,Detached,1.5 Storey,2025-05-01,218 (20.1%),12811,1.0,1.0,Yes,No,Yes,0.314,0.700,8.659,2.7064
4759260,864.0,15936.0,3.0,1.0,Detached,1 Storey,2025-04-09,2,1.2772,625.0,68900.0,2.0,1.0,Detached,1 Storey,2025-03-21,239 (38.2%),52964,1.0,0.0,Yes,Yes,Yes,0.295,1.000,15.696,1.2772
4759260,864.0,15936.0,3.0,1.0,Detached,1 Storey,2025-04-09,3,0.0246,1260.0,80150.0,3.0,1.5,Detached,1 Storey,2025-01-31,396 (31.4%),64214,0.0,0.5,Yes,Yes,Yes,0.202,1.000,12.871,0.0246
4759498,1774.0,3137.0,3.0,3.5,Detached,2 Storey,2025-04-08,1,4.3639,1901.0,3640.0,3.0,3.0,Detached,2 Storey,2025-03-04,127 (6.7%),503,0.0,0.5,Yes,Yes,Yes,0.441,1.000,2.972,4.3639
4759498,1774.0,3137.0,3.0,3.5,Detached,2 Storey,2025-04-08,2,4.3239,1572.0,3248.0,3.0,3.0,Detached,2 Storey,2025-03-06,202 (12.8%),111,0.0,0.5,Yes,Yes,Yes,0.331,1.000,5.440,4.3239
4759498,1774.0,3137.0,3.0,3.5,Detached,2 Storey,2025-04-08,3,3.9792,1963.0,3640.0,3.0,4.0,Detached,2 Storey,2025-03-05,189 (9.6%),503,0.0,0.5,Yes,Yes,Yes,0.346,1.000,4.751,3.9792
4759512,1795.0,6300.0,3.0,1.5,Detached,1.5 Storey,2025-04-09,1,4.6660,1685.0,4799.0,3.0,1.5,Detached,2 Storey,2025-05-08,110 (6.5%),1501,0.0,0.0,Yes,No,Yes,0.476,0.700,2.811,4.666
4759512,1795.0,6300.0,3.0,1.5,Detached,1.5 Storey,2025-04-09,2,4.6211,1762.0,5733.0,4.0,1.5,Detached,2 Storey,2025-04-02,33 (1.9%),567,1.0,0.0,Yes,No,Yes,0.752,0.700,1.349,4.6211
4759512,1795.0,6300.0,3.0,1.5,Detached,1.5 Storey,2025-04-09,3,4.0039,1531.0,3398.0,3.0,2.0,Detached,2 Storey,2025-04-11,264 (17.2%),2902,0.0,0.5,Yes,No,Yes,0.275,0.700,7.397,4.0039
4759561,3137.0,14375.0,5.0,4.0,Duplex,2 Storey,2025-04-08,1,-2.5176,1560.0,3796.0,4.0,4.0,Detached,2 Storey,2025-03-31,1577 (101.1%),10579,1.0,0.0,No,Yes,Yes,0.060,0.600,40.836,2.5176
4759561,3137.0,14375.0,5.0,4.0,Duplex,2 Storey,2025-04-08,2,-2.5551,3638.0,20912.0,3.0,4.5,Detached,2.5 Storey,2025-02-18,501 (13.8%),6537,2.0,0.5,No,No,Yes,0.166,0.300,6.209,2.5551
4759561,3137.0,14375.0,5.0,4.0,Duplex,2 Storey,2025-04-08,3,-2.6223,900.0,9364.0,4.0,2.0,Duplex,Split Level,2025-03-03,2237 (248.6%),5011,1.0,2.0,Yes,No,Yes,0.043,0.700,101.422,2.6223
4759562,1132.0,3500.0,3.0,1.5,Semi Detached,2 Storey,2025-04-08,1,4.7757,1243.0,3257.0,3.0,1.5,Semi Detached,2 Storey,2025-04-30,111 (8.9%),243,0.0,0.0,Yes,Yes,Yes,0.474,1.000,3.972,4.7757
4759562,1132.0,3500.0,3.0,1.5,Semi Detached,2 Storey,2025-04-08,2,4.6179,1110.0,3037.0,4.0,1.5,Semi Detached,2 Storey,2025-03-25,22 (2.0%),463,1.0,0.0,Yes,Yes,Yes,0.820,1.000,1.593,4.6179
4759562,1132.0,3500.0,3.0,1.5,Semi Detached,2 Storey,2025-04-08,3,4.4079,1232.0,3136.0,4.0,1.5,Semi Detached,2 Storey,2025-04-17,100 (8.1%),364,1.0,0.0,Yes,Yes,Yes,0.500,1.000,4.647,4.4079
4759604,1788.0,14232.0,3.0,1.5,Detached,2 Storey,2025-04-10,1,4.6532,1986.0,11250.0,4.0,1.5,Detached,Split Level,2025-03-25,198 (10.0%),2982,1.0,0.0,Yes,No,Yes,0.336,0.700,4.588,4.6532
4759604,1788.0,14232.0,3.0,1.5,Detached,2 Storey,2025-04-10,2,4.0936,1762.0,5733.0,4.0,1.5,Detached,2 Storey,2025-04-02,26 (1.5%),8499,1.0,0.0,Yes,Yes,Yes,0.794,1.000,0.990,4.0936
4759604,1788.0,14232.0,3.0,1.5,Detached,2 Storey,2025-04-10,3,3.8552,1542.0,10300.0,4.0,2.0,Detached,2 Storey,2025-04-30,246 (16.0%),3932,1.0,0.5,Yes,Yes,Yes,0.289,1.000,8.081,3.8552
4759647,2264.0,33943.0,4.0,2.5,Detached,2 Storey,2025-04-10,1,4.4651,2408.0,33888.0,3.0,2.5,Detached,2 Storey,2025-01-27,144 (6.0%),55,1.0,0.0,Yes,Yes,Yes,0.410,1.000,3.192,4.4651
4759647,2264.0,33943.0,4.0,2.5,Detached,2 Storey,2025-04-10,2,4.4255,2160.0,57400.0,4.0,2.5,Detached,2 Storey,2024-11-18,104 (4.8%),23457,0.0,0.0,Yes,Yes,No,0.490,0.700,2.326,4.4255
4759647,2264.0,33943.0,4.0,2.5,Detached,2 Storey,2025-04-10,3,3.9062,2207.0,59739.0,3.0,2.5,Detached,2 Storey,2025-01-31,57 (2.6%),25796,1.0,0.0,Yes,Yes,Yes,0.637,1.000,2.433,3.9062
4759723,2530.0,5987.0,3.0,3.5,Detached,2 Storey,2025-04-09,1,4.7757,2488.0,5433.78,4.0,3.5,Detached,2 Storey,2025-01-16,42 (1.7%),553,1.0,0.0,Yes,Yes,Yes,0.704,1.000,0.875,4.7757
4759723,2530.0,5987.0,3.0,3.5,Detached,2 Storey,2025-04-09,2,4.4053,2703.0,4746.0,4.0,4.0,Detached,2 Storey,2025-02-10,173 (6.4%),1241,1.0,0.5,Yes,Yes,Yes,0.366,1.000,3.260,4.4053
4759723,2530.0,5987.0,3.0,3.5,Detached,2 Storey,2025-04-09,3,4.1208,2781.0,5684.0,3.0,4.0,Detached,2 Storey,2025-02-05,251 (9.0%),303,0.0,0.5,Yes,Yes,Yes,0.285,1.000,4.310,4.1208
4759846,1637.0,6000.0,3.0,1.5,Detached,Split Level,2025-04-14,1,4.6112,1384.0,3300.0,3.0,1.5,Detached,1.5 Storey,2025-05-02,253 (18.3%),2700,0.0,0.0,Yes,No,Yes,0.283,0.700,7.312,4.6112
4759846,1637.0,6000.0,3.0,1.5,Detached,Split Level,2025-04-14,2,4.4852,1854.0,5968.0,3.0,1.5,Detached,2 Storey,2025-03-28,217 (11.7%),32,0.0,0.0,Yes,No,Yes,0.315,0.700,4.882,4.4852
4759846,1637.0,6000.0,3.0,1.5,Detached,Split Level,2025-04-14,3,4.2508,1432.0,4200.0,3.0,2.0,Detached,2 Storey,2025-01-28,205 (14.3%),1800,0.0,0.5,Yes,No,Yes,0.328,0.700,6.026,4.2508
4760530,2149.0,438082.92,4.0,3.5,Detached,Bungalow Raised,2025-04-14,1,1.4992,2250.0,440502.0,4.0,0.0,Detached,Bungalow Raised,2025-03-28,101 (4.5%),2419,0.0,3.5,Yes,Yes,Yes,0.498,1.000,2.696,1.4992
4760530,2149.0,438082.92,4.0,3.5,Detached,Bungalow Raised,2025-04-14,2,1.3042,2250.0,5733.0,3.0,0.0,Detached,Bungalow,2025-02-13,101 (4.5%),432350,1.0,3.5,Yes,No,Yes,0.498,0.700,2.696,1.3042
4760530,2149.0,438082.92,4.0,3.5,Detached,Bungalow Raised,2025-04-14,3,1.3042,2250.0,2835.0,4.0,0.0,Detached,2 Storey,2025-02-24,101 (4.5%),435248,0.0,3.5,Yes,No,Yes,0.498,0.700,2.896,1.3042
4760630,1840.0,1742.0,4.0,1.0,Townhouse,2.5 Storey,2025-04-10,1,3.9287,1750.0,1785.0,5.0,0.0,Townhouse,2.5 Storey,2025-03-26,90 (5.1%),43,1.0,1.0,Yes,Yes,Yes,0.526,1.000,2.857,3.9287
4760630,1840.0,1742.0,4.0,1.0,Townhouse,2.5 Storey,2025-04-10,2,3.6809,1750.0,1404.0,6.0,0.0,Townhouse,2 Storey,2025-03-24,90 (5.1%),338,2.0,1.0,Yes,No,Yes,0.526,0.700,3.257,3.6809
4760630,1840.0,1742.0,4.0,1.0,Townhouse,2.5 Storey,2025-04-10,3,3.1951,1750.0,,6.0,0.0,Townhouse,2 Storey,2025-04-07,90 (5.1%),nan,2.0,1.0,Yes,No,Yes,0.526,0.700,3.057,3.1951
4760651,1354.0,3250.0,3.0,1.5,Detached,2 Storey,2025-04-15,1,4.4079,1496.0,3845.0,3.0,1.5,Detached,2 Storey,2025-04-25,142 (9.5%),595,0.0,0.0,Yes,Yes,Yes,0.413,1.000,4.997,4.4079
4760651,1354.0,3250.0,3.0,1.5,Detached,2 Storey,2025-04-15,2,4.3679,1200.0,3400.0,3.0,1.5,Detached,2 Storey,2025-02-21,154 (12.8%),150,0.0,0.0,Yes,Yes,Yes,0.394,1.000,6.133,4.3679
4760651,1354.0,3250.0,3.0,1.5,Detached,2 Storey,2025-04-15,3,4.0083,1352.0,6587.0,4.0,2.0,Detached,Split Level,2025-03-31,2 (0.1%),3337,1.0,0.5,Yes,No,Yes,0.980,0.700,0.959,4.0083
4760900,1573.4,4058.028,3.0,2.5,Detached,2 Storey,2025-04-10,1,4.8206,1731.0,2863.0,3.0,2.5,Detached,2 Storey,2025-02-04,158 (9.1%),1195,0.0,0.0,Yes,Yes,Yes,0.388,1.000,3.842,4.8206
4760900,1573.4,4058.028,3.0,2.5,Detached,2 Storey,2025-04-10,2,4.8206,1433.0,2949.0,3.0,2.5,Detached,2 Storey,2025-03-19,140 (9.8%),1109,0.0,0.0,Yes,Yes,Yes,0.416,1.000,4.319,4.8206
4760900,1573.4,4058.028,3.0,2.5,Detached,2 Storey,2025-04-10,3,4.8206,1520.0,2798.0,3.0,2.5,Detached,2 Storey,2025-03-25,53 (3.5%),1260,0.0,0.0,Yes,Yes,Yes,0.652,1.000,1.805,4.8206
4761220,1525.0,2619.0,3.0,3.5,Semi Detached,2 Storey,2025-04-14,1,1.6249,1598.0,2460.0,3.0,0.0,Semi Detached,2 Storey,2025-03-28,73 (4.6%),159,0.0,3.5,Yes,Yes,Yes,0.578,1.000,2.727,1.6249
4761220,1525.0,2619.0,3.0,3.5,Semi Detached,2 Storey,2025-04-14,2,1.5414,1775.0,2475.0,4.0,0.0,Semi Detached,2 Storey,2025-03-03,250 (14.1%),144,1.0,3.5,Yes,Yes,Yes,0.286,1.000,6.534,1.5414
4761220,1525.0,2619.0,3.0,3.5,Semi Detached,2 Storey,2025-04-14,3,1.0458,1750.0,,3.0,0.0,Semi Detached,2 Storey,2025-04-11,225 (12.9%),nan,0.0,3.5,Yes,Yes,Yes,0.308,1.000,5.843,1.0458
4761433,2895.0,26700.0,4.0,3.0,Detached,1 Storey,2025-04-15,1,1.8628,2494.0,11029.0,5.0,4.0,Detached,2 Storey,2025-03-21,401 (16.1%),15671,1.0,1.0,Yes,No,Yes,0.200,0.700,8.031,1.8628
4761433,2895.0,26700.0,4.0,3.0,Detached,1 Storey,2025-04-15,2,1.8264,3277.0,11104.0,5.0,4.0,Detached,2 Storey,2025-04-25,382 (11.7%),15596,1.0,1.0,Yes,No,Yes,0.207,0.700,6.063,1.8264
4761433,2895.0,26700.0,4.0,3.0,Detached,1 Storey,2025-04-15,3,0.9867,2386.0,20648.0,3.0,2.5,Detached,1.5 Storey,2025-04-29,509 (21.3%),6052,1.0,0.5,Yes,No,Yes,0.164,0.700,10.233,0.9867
4761446,1678.0,5663.0,3.0,2.0,Detached,Bungalow,2025-04-10,1,3.9947,1721.0,5929.0,5.0,1.5,Detached,Split Level,2025-01-31,43 (2.5%),266,2.0,0.5,Yes,No,Yes,0.699,0.700,2.099,3.9947
4761446,1678.0,5663.0,3.0,2.0,Detached,Bungalow,2025-04-10,2,3.6273,1335.0,6600.0,3.0,2.0,Detached,Split Level,2025-02-19,343 (25.7%),937,0.0,0.0,Yes,No,Yes,0.226,0.700,10.277,3.6273
4761446,1678.0,5663.0,3.0,2.0,Detached,Bungalow,2025-04-10,3,3.4710,1750.0,4560.0,4.0,3.0,Detached,2 Storey,2025-03-04,72 (4.1%),1103,1.0,1.0,Yes,No,Yes,0.581,0.700,2.846,3.471
4761696,1751.0,3358.0,3.0,2.5,Townhouse,2 Storey,2025-04-14,1,4.3634,1696.0,1960.0,3.0,3.0,Townhouse,2 Storey,2025-02-10,55 (3.2%),1398,0.0,0.5,Yes,Yes,Yes,0.645,1.000,1.597,4.3634
4761696,1751.0,3358.0,3.0,2.5,Townhouse,2 Storey,2025-04-14,2,4.0207,1663.0,2100.0,3.0,3.0,Townhouse,2 Storey,2025-01-31,88 (5.3%),1258,0.0,0.5,Yes,Yes,Yes,0.532,1.000,3.017,4.0207
4761696,1751.0,3358.0,3.0,2.5,Townhouse,2 Storey,2025-04-14,3,2.1294,,1470.0,2.0,3.0,Townhouse,2 Storey,2025-02-05,nan (0.0%),1888,1.0,0.5,Yes,Yes,Yes,nan,1.000,0.700,2.1294
4762154,1523.0,,2.0,2.0,Condominium,1 Storey,2025-04-15,1,3.4156,1681.0,,3.0,1.5,Condominium,2 Storey,2025-02-26,158 (9.4%),nan,1.0,0.5,Yes,No,Yes,0.388,0.700,4.660,3.4156
4762154,1523.0,,2.0,2.0,Condominium,1 Storey,2025-04-15,2,3.2057,1386.0,,4.0,2.5,Condominium,2 Storey,2025-03-06,137 (9.9%),nan,2.0,0.5,Yes,No,Yes,0.422,0.700,5.254,3.2057
4762154,1523.0,,2.0,2.0,Condominium,1 Storey,2025-04-15,3,1.9833,1178.0,,2.0,2.0,Condominium,1 Storey,2025-04-14,345 (29.3%),nan,0.0,0.0,Yes,Yes,Yes,0.225,1.000,12.515,1.9833
4762330,2456.0,5909.436,4.0,2.5,Detached,2 Storey,2025-04-14,1,4.3682,2492.0,9706.0,5.0,2.5,Detached,2 Storey,2025-03-21,36 (1.4%),3797,1.0,0.0,Yes,Yes,Yes,0.735,1.000,1.978,4.3682
4762330,2456.0,5909.436,4.0,2.5,Detached,2 Storey,2025-04-14,2,4.3639,2323.0,5244.0,4.0,3.0,Detached,2 Storey,2025-01-21,133 (5.7%),665,0.0,0.5,Yes,Yes,Yes,0.429,1.000,2.590,4.3639
4762330,2456.0,5909.436,4.0,2.5,Detached,2 Storey,2025-04-14,3,4.2489,2242.0,19589.0,4.0,2.5,Detached,2 Storey,2025-04-16,214 (9.5%),13680,0.0,0.0,Yes,Yes,Yes,0.318,1.000,4.018,4.2489
4762406,3332.0,42495.0,5.0,2.5,Detached,1.5 Storey,2025-04-17,1,0.0080,2440.0,23890.0,3.0,2.5,Detached,1.5 Storey,2025-03-07,892 (36.6%),18605,2.0,0.0,Yes,Yes,Yes,0.101,1.000,15.023,0.008
4762406,3332.0,42495.0,5.0,2.5,Detached,1.5 Storey,2025-04-17,2,-1.2131,1268.0,33934.0,4.0,3.0,Detached,Split Level,2025-02-12,2064 (162.8%),8561,1.0,0.5,Yes,No,Yes,0.046,0.700,66.610,1.2131
4762406,3332.0,42495.0,5.0,2.5,Detached,1.5 Storey,2025-04-17,3,-1.2131,1740.0,31909.0,4.0,3.0,Detached,2 Storey,2025-03-10,1592 (91.5%),10586,1.0,0.5,Yes,No,Yes,0.059,0.700,38.098,1.2131
4762597,1044.0,,3.0,1.5,Townhouse,2 Storey,2025-04-11,1,-0.3429,1300.0,2622.0,3.0,0.0,Townhouse,2 Storey,2025-01-14,256 (19.7%),nan,0.0,1.5,Yes,Yes,Yes,0.281,1.000,9.177,0.3429
4762597,1044.0,,3.0,1.5,Townhouse,2 Storey,2025-04-11,2,-2.2327,1252.0,3775.5,3.0,1.5,Semi Detached,2 Storey,2025-01-29,208 (16.6%),nan,0.0,0.0,No,Yes,Yes,0.325,0.600,7.045,2.2327
4762597,1044.0,,3.0,1.5,Townhouse,2 Storey,2025-04-11,3,-2.9373,1550.0,2099.98,3.0,3.0,Townhouse,2 Storey,2025-01-24,506 (32.6%),nan,0.0,1.5,Yes,Yes,Yes,0.165,1.000,13.958,2.9373
4762739,1500.0,72745.0,3.0,2.5,Detached,1.5 Storey,2025-04-17,1,3.5725,1472.0,126952.0,3.0,2.0,Detached,Bungalow,2025-05-02,28 (1.9%),54207,0.0,0.5,Yes,No,Yes,0.781,0.700,1.461,3.5725
4762739,1500.0,72745.0,3.0,2.5,Detached,1.5 Storey,2025-04-17,2,2.6104,1185.0,43560.0,2.0,2.0,Detached,Bungalow,2025-04-08,315 (26.6%),29185,1.0,0.5,Yes,No,Yes,0.241,0.700,11.533,2.6104
4762739,1500.0,72745.0,3.0,2.5,Detached,1.5 Storey,2025-04-17,3,-0.4655,1320.0,92347.0,3.0,2.0,Detached,Bungalow,2024-12-06,180 (13.6%),19602,0.0,0.5,Yes,No,No,0.357,0.400,5.955,0.4655
4763065,3000.0,20174.0,4.0,2.5,Detached,2 Storey,2025-05-01,1,3.5325,2801.0,4000.0,4.0,3.5,Detached,2 Storey,2024-12-03,199 (7.1%),16174,0.0,1.0,Yes,Yes,No,0.334,0.700,3.042,3.5325
4763065,3000.0,20174.0,4.0,2.5,Detached,2 Storey,2025-05-01,2,3.2243,2585.0,4690.0,4.0,2.5,Detached,2 Storey,2025-01-31,415 (16.1%),15484,0.0,0.0,Yes,Yes,Yes,0.194,1.000,7.222,3.2243
4763065,3000.0,20174.0,4.0,2.5,Detached,2 Storey,2025-05-01,3,3.1960,2578.0,4223.0,4.0,2.5,Detached,2 Storey,2025-02-07,422 (16.4%),15951,0.0,0.0,Yes,Yes,Yes,0.192,1.000,8.148,3.196
4763086,1283.0,54450.0,2.0,3.0,Detached,Bungalow,2025-04-15,1,2.7005,1626.0,6223.0,4.0,3.0,Detached,Bungalow,2025-01-22,343 (21.1%),48227,2.0,0.0,Yes,Yes,Yes,0.226,1.000,10.638,2.7005
4763086,1283.0,54450.0,2.0,3.0,Detached,Bungalow,2025-04-15,2,2.4241,1750.0,386097.0,3.0,3.0,Detached,Bungalow,2025-03-07,467 (26.7%),331647,1.0,0.0,Yes,Yes,Yes,0.176,1.000,11.074,2.4241
4763086,1283.0,54450.0,2.0,3.0,Detached,Bungalow,2025-04-15,3,1.5288,1250.0,15000.0,3.0,1.0,Detached,Bungalow,2024-12-31,33 (2.6%),39450,1.0,2.0,Yes,Yes,No,0.752,0.700,1.856,1.5288
4763087,1530.0,,3.0,2.0,Condominium,1 Storey,2025-04-17,1,3.9989,1553.0,,2.0,2.0,Condominium,1 Storey,2025-02-18,23 (1.5%),nan,1.0,0.0,Yes,Yes,Yes,0.813,1.000,1.392,3.9989
4763087,1530.0,,3.0,2.0,Condominium,1 Storey,2025-04-17,2,3.9989,1582.0,,3.0,2.0,Condominium,1 Storey,2025-05-13,52 (3.3%),nan,0.0,0.0,Yes,Yes,Yes,0.658,1.000,1.915,3.9989
4763087,1530.0,,3.0,2.0,Condominium,1 Storey,2025-04-17,3,3.4156,1681.0,,3.0,1.5,Condominium,2 Storey,2025-02-26,151 (9.0%),nan,0.0,0.5,Yes,No,Yes,0.398,0.700,4.293,3.4156
4763606,1634.0,,4.0,2.5,Townhouse,2 Storey,2025-04-17,1,3.7449,1450.0,2750.0,3.0,2.0,Townhouse,2 Storey,2025-03-07,184 (12.7%),nan,1.0,0.5,Yes,Yes,Yes,0.352,1.000,5.376,3.7449
4763606,1634.0,,4.0,2.5,Townhouse,2 Storey,2025-04-17,2,3.4156,1410.0,,3.0,3.0,Townhouse,Bungalow,2025-05-08,224 (15.9%),nan,1.0,0.5,Yes,No,Yes,0.309,0.700,7.255,3.4156
4763606,1634.0,,4.0,2.5,Townhouse,2 Storey,2025-04-17,3,3.0205,1500.0,,4.0,3.5,Townhouse,3 Storey,2025-04-14,134 (8.9%),nan,0.0,1.0,Yes,No,Yes,0.427,0.700,4.373,3.0205
4763898,1170.0,7541.0,2.0,1.5,Detached,1.5 Storey,2025-04-23,1,4.6532,1286.0,5500.0,3.0,1.5,Detached,2 Storey,2025-04-15,116 (9.0%),2041,1.0,0.0,Yes,No,Yes,0.463,0.700,4.208,4.6532
4763898,1170.0,7541.0,2.0,1.5,Detached,1.5 Storey,2025-04-23,2,4.5980,1296.0,7200.0,3.0,1.5,Detached,2 Storey,2025-02-28,126 (9.7%),341,1.0,0.0,Yes,No,Yes,0.442,0.700,4.489,4.598
4763898,1170.0,7541.0,2.0,1.5,Detached,1.5 Storey,2025-04-23,3,4.5980,1185.0,7929.0,3.0,1.5,Detached,Split Level,2025-04-24,15 (1.3%),388,1.0,0.0,Yes,No,Yes,0.870,0.700,1.106,4.598
4764028,1822.0,911.0,3.0,2.5,Townhouse,3+ Storey,2025-04-16,1,3.2057,2020.0,,3.0,3.0,Townhouse,3 Storey,2025-01-21,198 (9.8%),nan,0.0,0.5,Yes,No,Yes,0.336,0.700,5.221,3.2057
4764028,1822.0,911.0,3.0,2.5,Townhouse,3+ Storey,2025-04-16,2,1.5931,1965.0,1219.0,3.0,0.0,Townhouse,3 Storey,2025-02-25,143 (7.3%),308,0.0,2.5,Yes,No,Yes,0.412,0.700,3.611,1.5931
4764028,1822.0,911.0,3.0,2.5,Townhouse,3+ Storey,2025-04-16,3,1.2085,1750.0,1800.0,6.0,0.0,Townhouse,3 Storey,2025-04-08,72 (4.1%),889,3.0,2.5,Yes,No,Yes,0.581,0.700,3.946,1.2085
4764094,1746.0,6825.0,3.0,2.5,Detached,Split Level,2025-04-16,1,4.0787,2100.0,7726.0,4.0,2.5,Detached,Split Level,2025-04-14,354 (16.9%),901,1.0,0.0,Yes,Yes,Yes,0.220,1.000,7.943,4.0787
4764094,1746.0,6825.0,3.0,2.5,Detached,Split Level,2025-04-16,2,4.0078,1816.0,9520.0,3.0,3.0,Detached,Split Level,2025-02-03,70 (3.9%),2695,0.0,0.5,Yes,Yes,Yes,0.588,1.000,2.642,4.0078
4764094,1746.0,6825.0,3.0,2.5,Detached,Split Level,2025-04-16,3,3.8556,1621.0,5200.0,4.0,3.5,Detached,2 Storey,2025-04-15,125 (7.7%),1625,1.0,1.0,Yes,No,Yes,0.444,0.700,3.885,3.8556
4764103,1602.0,3694.0,2.0,3.0,Semi Detached,2 Storey,2025-04-16,1,1.0458,1750.0,,3.0,0.0,Semi Detached,2 Storey,2025-04-29,148 (8.5%),nan,1.0,3.0,Yes,Yes,Yes,0.403,1.000,4.383,1.0458
4764103,1602.0,3694.0,2.0,3.0,Semi Detached,2 Storey,2025-04-16,2,0.3659,1300.0,2945.0,3.0,0.0,Semi Detached,2 Storey,2025-03-21,302 (23.2%),749,1.0,3.0,Yes,Yes,Yes,0.249,1.000,11.292,0.3659
4764103,1602.0,3694.0,2.0,3.0,Semi Detached,2 Storey,2025-04-16,3,0.0358,,3240.0,4.0,0.0,Semi Detached,2 Storey,2025-03-23,nan (0.0%),454,2.0,3.0,Yes,Yes,Yes,nan,1.000,1.000,0.0358
4765154,1840.0,7007.0,4.0,2.5,Detached,Split Level,2025-04-22,1,4.3925,1750.0,4888.0,3.0,2.0,Detached,Split Level,2025-03-05,90 (5.1%),2119,1.0,0.5,Yes,Yes,Yes,0.526,1.000,2.757,4.3925
4765154,1840.0,7007.0,4.0,2.5,Detached,Split Level,2025-04-22,2,3.8533,1750.0,4560.0,4.0,3.0,Detached,2 Storey,2025-03-04,90 (5.1%),2447,0.0,0.5,Yes,No,Yes,0.526,0.700,2.957,3.8533
4765154,1840.0,7007.0,4.0,2.5,Detached,Split Level,2025-04-22,3,3.7941,1721.0,5929.0,5.0,1.5,Detached,Split Level,2025-01-31,119 (6.9%),1078,1.0,1.0,Yes,Yes,Yes,0.457,1.000,3.766,3.7941
4765502,1845.0,10570.0,4.0,1.5,Detached,1.5 Storey,2025-04-22,1,-2.5367,1288.0,3256.0,3.0,0.0,Detached,Split Level,2025-03-31,557 (43.2%),7314,1.0,1.5,Yes,No,Yes,0.152,0.700,17.998,2.5367
4765502,1845.0,10570.0,4.0,1.5,Detached,1.5 Storey,2025-04-22,2,-3.1559,1379.0,5076.0,3.0,2.0,Detached,Bungalow,2024-12-14,466 (33.8%),5494,1.0,0.5,Yes,No,No,0.177,0.400,13.817,3.1559
4765502,1845.0,10570.0,4.0,1.5,Detached,1.5 Storey,2025-04-22,3,-4.6355,1325.0,,3.0,0.0,Detached,Split Level,2025-01-14,520 (39.2%),nan,1.0,1.5,Yes,No,No,0.161,0.400,16.398,4.6355
4765899,1488.0,3685.0,3.0,3.5,Detached,2 Storey,2025-04-16,1,4.3470,1439.0,3434.0,3.0,3.0,Detached,2 Storey,2025-02-07,49 (3.4%),251,0.0,0.5,Yes,Yes,Yes,0.671,1.000,1.862,4.347
4765899,1488.0,3685.0,3.0,3.5,Detached,2 Storey,2025-04-16,2,4.2508,1300.0,5550.0,2.0,3.0,Detached,Bungalow Raised,2025-02-20,188 (14.5%),1865,1.0,0.5,Yes,No,Yes,0.347,0.700,6.285,4.2508
4765899,1488.0,3685.0,3.0,3.5,Detached,2 Storey,2025-04-16,3,4.1723,1300.0,4056.0,3.0,3.0,Detached,2 Storey,2025-03-07,188 (14.5%),371,0.0,0.5,Yes,Yes,Yes,0.347,1.000,6.485,4.1723
4765948,2131.0,6864.0,3.0,3.5,Triplex,2 Storey,2025-04-24,1,-2.3179,2250.0,4200.0,4.0,3.0,Detached,2 Storey,2025-02-22,119 (5.3%),2664,1.0,0.5,No,Yes,Yes,0.457,0.600,2.416,2.3179
4765948,2131.0,6864.0,3.0,3.5,Triplex,2 Storey,2025-04-24,2,-2.5445,1700.0,8840.0,6.0,2.5,Detached,2 Storey,2025-02-14,431 (25.4%),1976,3.0,1.0,No,Yes,Yes,0.188,0.600,11.341,2.5445
4765948,2131.0,6864.0,3.0,3.5,Triplex,2 Storey,2025-04-24,3,-2.8109,2777.0,13680.0,3.0,3.0,Detached,2 Storey,2025-03-05,646 (23.3%),6816,0.0,0.5,No,Yes,Yes,0.134,0.600,9.805,2.8109
4766326,1109.0,8398.0,3.0,1.0,Detached,Bungalow,2025-04-23,1,4.0102,1191.0,6600.0,2.0,2.0,Detached,Bungalow,2025-01-31,82 (6.9%),1798,1.0,1.0,Yes,Yes,Yes,0.549,1.000,3.354,4.0102
4766326,1109.0,8398.0,3.0,1.0,Detached,Bungalow,2025-04-23,2,4.0102,1274.0,6600.0,2.0,0.0,Detached,Bungalow,2025-01-31,165 (13.0%),1798,1.0,1.0,Yes,Yes,Yes,0.377,1.000,5.781,4.0102
4766326,1109.0,8398.0,3.0,1.0,Detached,Bungalow,2025-04-23,3,3.9973,1175.0,5500.0,3.0,2.0,Detached,Bungalow,2025-02-14,66 (5.6%),2898,0.0,1.0,Yes,Yes,Yes,0.602,1.000,2.447,3.9973
4766430,1386.0,,3.0,1.5,Condominium,2 Storey,2025-04-23,1,4.0190,1280.0,,3.0,1.5,Condominium,1 Storey,2025-02-05,106 (8.3%),nan,0.0,0.0,Yes,No,Yes,0.485,0.700,3.712,4.019
4766430,1386.0,,3.0,1.5,Condominium,2 Storey,2025-04-23,2,3.9168,1681.0,,3.0,1.5,Condominium,2 Storey,2025-02-26,295 (17.5%),nan,0.0,0.0,Yes,Yes,Yes,0.253,1.000,7.620,3.9168
4766430,1386.0,,3.0,1.5,Condominium,2 Storey,2025-04-23,3,3.7889,1228.0,,3.0,1.5,Condominium,2 Storey,2025-04-11,158 (12.9%),nan,0.0,0.0,Yes,Yes,Yes,0.388,1.000,5.947,3.7889
4767066,522.0,,1.0,1.0,High Rise Apartment,1 Storey,2025-04-21,1,-2.3218,617.0,,1.0,1.0,Condominium,,2025-01-24,95 (15.4%),nan,0.0,0.0,No,Yes,Yes,0.513,nan,6.559,2.3218
4767066,522.0,,1.0,1.0,High Rise Apartment,1 Storey,2025-04-21,2,-2.3218,524.0,,1.0,1.0,Condominium,,2025-01-24,2 (0.4%),nan,0.0,0.0,No,Yes,Yes,0.980,nan,0.153,2.3218
4767066,522.0,,1.0,1.0,High Rise Apartment,1 Storey,2025-04-21,3,-2.3218,492.0,,1.0,1.0,Condominium,,2025-01-26,30 (6.1%),nan,0.0,0.0,No,Yes,Yes,0.769,nan,2.839,2.3218
4768014,1607.0,3253.0,3.0,3.5,Detached,2 Storey,2025-04-21,1,4.4053,1646.0,2460.0,3.0,3.0,Detached,2 Storey,2025-01-30,39 (2.4%),793,0.0,0.5,Yes,Yes,Yes,0.719,1.000,1.248,4.4053
4768014,1607.0,3253.0,3.0,3.5,Detached,2 Storey,2025-04-21,2,4.4053,1716.0,2346.0,3.0,4.0,Detached,2 Storey,2025-02-12,109 (6.4%),907,0.0,0.5,Yes,Yes,Yes,0.478,1.000,2.641,4.4053
4768014,1607.0,3253.0,3.0,3.5,Detached,2 Storey,2025-04-21,3,4.2508,1651.0,4264.0,3.0,3.0,Detached,Bungalow,2025-02-05,44 (2.7%),1011,0.0,0.5,Yes,No,Yes,0.694,0.700,1.166,4.2508
4768037,2755.0,6452.0,7.0,2.0,Duplex,2 Storey,2025-04-21,1,-2.2146,1309.0,4356.0,4.0,2.0,Detached,2 Storey,2025-02-18,1446 (110.5%),2096,3.0,0.0,No,Yes,Yes,0.065,0.600,44.986,2.2146
4768037,2755.0,6452.0,7.0,2.0,Duplex,2 Storey,2025-04-21,2,-2.2146,1337.0,3762.0,4.0,2.0,Detached,2 Storey,2025-02-25,1418 (106.1%),2690,3.0,0.0,No,Yes,Yes,0.066,0.600,43.023,2.2146
4768037,2755.0,6452.0,7.0,2.0,Duplex,2 Storey,2025-04-21,3,-2.3482,900.0,3605.0,3.0,2.0,Detached,Bungalow,2025-03-05,1855 (206.1%),2847,4.0,0.0,No,No,Yes,0.051,0.300,83.844,2.3482
4768126,1504.0,2899.0,3.0,2.5,Townhouse,2 Storey,2025-04-23,1,4.4053,1696.0,1960.0,3.0,3.0,Townhouse,2 Storey,2025-02-10,192 (11.3%),939,0.0,0.5,Yes,Yes,Yes,0.342,1.000,5.028,4.4053
4768126,1504.0,2899.0,3.0,2.5,Townhouse,2 Storey,2025-04-23,2,3.9508,1750.0,2450.0,3.0,3.0,Townhouse,2 Storey,2025-02-21,246 (14.1%),449,0.0,0.5,Yes,Yes,Yes,0.289,1.000,6.523,3.9508
4768126,1504.0,2899.0,3.0,2.5,Townhouse,2 Storey,2025-04-23,3,1.6832,1706.0,1960.0,3.0,0.0,Townhouse,2 Storey,2025-02-10,202 (11.8%),939,0.0,2.5,Yes,Yes,Yes,0.331,1.000,5.636,1.6832
4768528,1643.0,2780.0,4.0,2.5,Townhouse,2 Storey,2025-04-24,1,4.4053,1750.0,1960.0,3.0,3.0,Townhouse,2 Storey,2025-01-31,107 (6.1%),820,1.0,0.5,Yes,Yes,Yes,0.483,1.000,2.746,4.4053
4768528,1643.0,2780.0,4.0,2.5,Townhouse,2 Storey,2025-04-24,2,4.3639,1656.0,2420.0,3.0,3.0,Townhouse,2 Storey,2025-02-09,13 (0.8%),360,1.0,0.5,Yes,Yes,Yes,0.885,1.000,0.814,4.3639
4768528,1643.0,2780.0,4.0,2.5,Townhouse,2 Storey,2025-04-24,3,4.3239,1616.0,2904.0,3.0,3.0,Townhouse,2 Storey,2025-03-07,27 (1.7%),124,1.0,0.5,Yes,Yes,Yes,0.787,1.000,1.368,4.3239
4769110,1236.0,,3.0,2.0,Condominium,2 Storey,2025-04-29,1,4.1735,1135.0,,3.0,2.0,Condominium,2 Storey,2025-03-07,101 (8.9%),nan,0.0,0.0,Yes,Yes,Yes,0.498,1.000,3.559,4.1735
4769110,1236.0,,3.0,2.0,Condominium,2 Storey,2025-04-29,2,4.1197,1500.0,,4.0,2.0,Condominium,2 Storey,2025-04-15,264 (17.6%),nan,1.0,0.0,Yes,Yes,Yes,0.275,1.000,7.440,4.1197
4769110,1236.0,,3.0,2.0,Condominium,2 Storey,2025-04-29,3,3.1751,1260.0,,2.0,1.0,Condominium,2 Storey,2025-01-30,24 (1.9%),nan,1.0,1.0,Yes,Yes,Yes,0.806,1.000,1.762,3.1751
4769269,1700.0,53143.2,2.0,2.0,Detached,Bungalow,2025-04-23,1,3.9989,1550.0,,3.0,2.0,Detached,Bungalow,2025-04-24,150 (9.7%),nan,1.0,0.0,Yes,Yes,Yes,0.400,1.000,4.671,3.9989
4769269,1700.0,53143.2,2.0,2.0,Detached,Bungalow,2025-04-23,2,3.2622,1448.0,,5.0,2.5,Detached,Bungalow,2024-11-06,252 (17.4%),nan,3.0,0.5,Yes,Yes,No,0.284,0.700,8.661,3.2622
4769269,1700.0,53143.2,2.0,2.0,Detached,Bungalow,2025-04-23,3,3.0236,2015.0,52371.0,5.0,3.0,Detached,Bungalow,2025-03-31,315 (15.6%),772,3.0,1.0,Yes,Yes,Yes,0.241,1.000,9.053,3.0236
4770115,1992.0,7059.0,3.0,3.0,Detached,Bungalow,2025-04-30,1,4.0936,1750.0,386097.0,3.0,3.0,Detached,Bungalow,2025-03-07,242 (13.8%),379038,0.0,0.0,Yes,Yes,Yes,0.292,1.000,5.931,4.0936
4770115,1992.0,7059.0,3.0,3.0,Detached,Bungalow,2025-04-30,2,3.6276,1626.0,6223.0,4.0,3.0,Detached,Bungalow,2025-01-22,366 (22.5%),836,1.0,0.0,Yes,Yes,No,0.215,0.700,10.404,3.6276
4770115,1992.0,7059.0,3.0,3.0,Detached,Bungalow,2025-04-30,3,3.6238,1886.0,3100.0,3.0,4.0,Detached,2 Storey,2025-02-17,106 (5.6%),3959,0.0,1.0,Yes,No,Yes,0.485,0.700,2.448,3.6238
4770310,2242.0,6480.0,3.0,2.5,Detached,2 Storey,2025-04-30,1,4.1403,2140.0,3245.0,5.0,3.0,Detached,2 Storey,2025-02-14,102 (4.8%),3235,2.0,0.5,Yes,Yes,Yes,0.495,1.000,2.807,4.1403
4770310,2242.0,6480.0,3.0,2.5,Detached,2 Storey,2025-04-30,2,3.8792,1950.0,7200.0,4.0,2.0,Detached,2 Storey,2025-02-07,292 (15.0%),720,1.0,0.5,Yes,Yes,Yes,0.255,1.000,7.090,3.8792
4770310,2242.0,6480.0,3.0,2.5,Detached,2 Storey,2025-04-30,3,1.5356,2200.0,3245.0,5.0,0.0,Detached,2 Storey,2025-02-14,42 (1.9%),3235,2.0,2.5,Yes,Yes,Yes,0.704,1.000,2.064,1.5356
4771029,2231.68,4477.824,5.0,3.0,Detached,2 Storey,2025-04-28,1,4.0078,2240.0,7350.0,6.0,3.5,Detached,2 Storey,2025-05-07,8 (0.4%),2872,1.0,0.5,Yes,Yes,Yes,0.923,1.000,1.649,4.0078
4771029,2231.68,4477.824,5.0,3.0,Detached,2 Storey,2025-04-28,2,3.7557,2207.0,588.0,6.0,3.5,Detached,2 Storey,2025-04-29,25 (1.1%),3890,1.0,0.5,Yes,Yes,Yes,0.802,1.000,2.147,3.7557
4771029,2231.68,4477.824,5.0,3.0,Detached,2 Storey,2025-04-28,3,3.3981,1796.0,506.0,4.0,3.0,Detached,Split Level,2025-02-07,436 (24.3%),3972,1.0,0.0,Yes,No,Yes,0.187,0.700,9.903,3.3981
4771097,758.0,,2.0,1.0,Condominium,1 Storey,2025-04-25,1,-1.0128,950.0,,2.0,2.0,Condominium,,2025-01-07,192 (20.2%),nan,0.0,1.0,Yes,Yes,No,0.342,nan,8.684,1.0128
4771097,758.0,,2.0,1.0,Condominium,1 Storey,2025-04-25,2,-1.0128,950.0,,2.0,0.0,Condominium,,2025-01-07,192 (20.2%),nan,0.0,1.0,Yes,Yes,No,0.342,nan,8.684,1.0128
4771097,758.0,,2.0,1.0,Condominium,1 Storey,2025-04-25,3,-1.4131,550.0,,1.0,1.0,Condominium,,2025-02-08,208 (37.8%),nan,1.0,0.0,Yes,Yes,Yes,0.325,nan,15.727,1.4131
4771641,2115.0,2744.8199999999997,4.0,3.5,Detached,3 Storey,2025-04-28,1,4.6380,2236.0,3369.0,5.0,3.5,Detached,2 Storey,2025-02-23,121 (5.4%),624,1.0,0.0,Yes,No,Yes,0.452,0.700,2.565,4.638
4771641,2115.0,2744.8199999999997,4.0,3.5,Detached,3 Storey,2025-04-28,2,4.2814,2227.0,3853.0,4.0,3.5,Detached,2 Storey,2025-03-01,112 (5.0%),1108,0.0,0.0,Yes,No,Yes,0.472,0.700,3.012,4.2814
4771641,2115.0,2744.8199999999997,4.0,3.5,Detached,3 Storey,2025-04-28,3,4.2685,2192.0,5177.0,4.0,3.5,Detached,2 Storey,2025-03-28,77 (3.5%),2432,0.0,0.0,Yes,No,Yes,0.565,0.700,2.205,4.2685
4772017,1149.0,3573.6479999999997,3.0,2.0,Detached,Bi-Level,2025-04-30,1,4.6660,1077.0,2755.0,3.0,2.0,Detached,2 Storey,2025-02-01,72 (6.7%),819,0.0,0.0,Yes,No,Yes,0.581,0.700,3.074,4.666
4772017,1149.0,3573.6479999999997,3.0,2.0,Detached,Bi-Level,2025-04-30,2,4.6660,981.0,2820.0,3.0,2.0,Detached,Split Level,2025-02-05,168 (17.1%),754,0.0,0.0,Yes,No,Yes,0.373,0.700,7.250,4.666
4772017,1149.0,3573.6479999999997,3.0,2.0,Detached,Bi-Level,2025-04-30,3,4.6380,1105.0,4391.0,4.0,2.0,Detached,Bungalow,2025-01-30,44 (4.0%),817,1.0,0.0,Yes,No,Yes,0.694,0.700,1.793,4.638
4772152,1372.0,4101.084,3.0,1.5,Detached,2 Storey,2025-04-25,1,4.2508,1418.0,5435.0,3.0,2.0,Detached,Bungalow,2025-04-09,46 (3.2%),1334,0.0,0.5,Yes,No,Yes,0.685,0.700,1.398,4.2508
4772152,1372.0,4101.084,3.0,1.5,Detached,2 Storey,2025-04-25,2,4.2352,1130.0,3466.0,3.0,1.5,Detached,2 Storey,2025-03-08,242 (21.4%),635,0.0,0.0,Yes,Yes,Yes,0.292,1.000,8.766,4.2352
4772152,1372.0,4101.084,3.0,1.5,Detached,2 Storey,2025-04-25,3,3.9287,1531.0,4337.0,3.0,2.5,Detached,2 Storey,2025-04-15,159 (10.4%),236,0.0,1.0,Yes,Yes,Yes,0.386,1.000,4.554,3.9287
4773295,1675.0,21780.0,2.0,1.5,Detached,1 Storey,2025-05-02,1,1.3840,1750.0,14256.0,2.0,0.0,Detached,Bungalow,2025-03-01,75 (4.3%),7524,0.0,1.5,Yes,No,Yes,0.571,0.700,2.214,1.384
4773295,1675.0,21780.0,2.0,1.5,Detached,1 Storey,2025-05-02,2,-0.7081,1032.0,23408.0,3.0,1.0,Detached,Bungalow,2025-02-27,643 (62.3%),1628,1.0,0.5,Yes,No,Yes,0.135,0.700,25.422,0.7081
4773295,1675.0,21780.0,2.0,1.5,Detached,1 Storey,2025-05-02,3,-0.7583,,,3.0,0.0,Detached,Bungalow Raised,2025-05-05,nan (0.0%),nan,1.0,1.5,Yes,No,Yes,nan,0.700,0.700,0.7583
4773534,2773.0,217800.0,4.0,2.5,Detached,Split Level,2025-05-02,1,3.6343,2725.0,,4.0,2.5,Detached,1.5 Storey,2025-05-01,48 (1.8%),nan,0.0,0.0,Yes,No,Yes,0.676,0.700,1.905,3.6343
4773534,2773.0,217800.0,4.0,2.5,Detached,Split Level,2025-05-02,2,3.3602,2800.0,,6.0,3.0,Detached,Split Level,2025-04-11,27 (1.0%),nan,2.0,0.5,Yes,Yes,Yes,0.787,1.000,3.286,3.3602
4773534,2773.0,217800.0,4.0,2.5,Detached,Split Level,2025-05-02,3,-0.8947,,,3.0,0.0,Detached,Bungalow Raised,2025-05-05,nan (0.0%),nan,1.0,2.5,Yes,No,Yes,nan,0.700,1.300,0.8947
4773833,2304.0,23046.0,4.0,2.0,Detached,2 Storey,2025-04-30,1,-2.1347,2300.0,8763.0,4.0,0.0,Detached,Bungalow,2024-11-01,4 (0.2%),14283,0.0,2.0,Yes,No,No,0.962,0.400,0.870,2.1347
4773833,2304.0,23046.0,4.0,2.0,Detached,2 Storey,2025-04-30,2,-2.6512,1197.0,4998.0,5.0,2.0,Detached,Bungalow Raised,2024-11-03,1107 (92.5%),18048,1.0,0.0,Yes,No,No,0.083,0.400,37.192,2.6512
4773833,2304.0,23046.0,4.0,2.0,Detached,2 Storey,2025-04-30,3,-4.2949,1410.0,5292.0,4.0,0.0,Detached,Bungalow,2024-11-18,894 (63.4%),17754,0.0,2.0,Yes,No,No,0.101,0.400,25.962,4.2949
4775247,1952.0,10021.284,3.0,2.5,Detached,2 Storey,2025-04-30,1,4.7757,2058.0,11325.0,3.0,2.5,Detached,2 Storey,2025-02-15,106 (5.2%),1304,0.0,0.0,Yes,Yes,Yes,0.485,1.000,2.060,4.7757
4775247,1952.0,10021.284,3.0,2.5,Detached,2 Storey,2025-04-30,2,4.6331,1725.0,6969.0,3.0,2.5,Detached,2 Storey,2025-03-22,227 (13.2%),3052,0.0,0.0,Yes,Yes,Yes,0.306,1.000,5.864,4.6331
4775247,1952.0,10021.284,3.0,2.5,Detached,2 Storey,2025-04-30,3,4.5782,1985.0,6140.0,3.0,2.5,Detached,2 Storey,2025-03-03,33 (1.7%),3881,0.0,0.0,Yes,Yes,Yes,0.752,1.000,1.265,4.5782
4775292,2250.0,435600.0,5.0,3.0,Detached,Bungalow,2025-05-02,1,3.3497,2057.0,,3.0,2.0,Detached,Bungalow,2025-04-03,193 (9.4%),nan,2.0,1.0,Yes,Yes,Yes,0.341,1.000,4.753,3.3497
4775292,2250.0,435600.0,5.0,3.0,Detached,Bungalow,2025-05-02,2,3.1479,2113.0,16500.0,3.0,2.0,Detached,Bungalow,2024-11-27,137 (6.5%),419100,2.0,1.0,Yes,Yes,No,0.422,0.700,4.593,3.1479
4775292,2250.0,435600.0,5.0,3.0,Detached,Bungalow,2025-05-02,3,2.0742,1863.0,582008.0,3.0,2.0,Detached,Bungalow,2024-11-24,387 (20.8%),146408,2.0,1.0,Yes,Yes,No,0.205,0.700,8.909,2.0742
4775785,2138.0,435600.0,5.0,2.0,Detached,2 Storey,2025-04-30,1,3.2304,1750.0,70400.0,3.0,2.0,Detached,2 Storey,2025-02-21,388 (22.2%),365200,2.0,0.0,Yes,Yes,Yes,0.205,1.000,9.469,3.2304
4775785,2138.0,435600.0,5.0,2.0,Detached,2 Storey,2025-04-30,2,1.4506,1750.0,5200.0,3.0,3.0,Detached,2 Storey,2024-11-26,388 (22.2%),430400,2.0,1.0,Yes,Yes,No,0.205,0.700,10.869,1.4506
4775785,2138.0,435600.0,5.0,2.0,Detached,2 Storey,2025-04-30,3,1.3335,2421.0,5453660.0,4.0,0.0,Detached,2 Storey,2024-11-22,283 (11.7%),5018060,1.0,2.0,Yes,Yes,No,0.261,0.700,5.676,1.3335
4775892,1178.0,,3.0,1.5,Townhouse,2 Storey,2025-04-30,1,-4.1589,,,3.0,0.0,Detached,2 Storey,2025-03-18,nan (0.0%),nan,0.0,1.5,No,Yes,Yes,nan,0.600,0.700,4.1589
4775892,1178.0,,3.0,1.5,Townhouse,2 Storey,2025-04-30,2,-4.1589,,5350.0,4.0,0.0,Detached,2 Storey,2025-03-27,nan (0.0%),nan,1.0,1.5,No,Yes,Yes,nan,0.600,0.700,4.1589
4775892,1178.0,,3.0,1.5,Townhouse,2 Storey,2025-04-30,3,-4.1589,,,3.0,0.0,Detached,2 Storey,2025-04-01,nan (0.0%),nan,0.0,1.5,No,Yes,Yes,nan,0.600,0.300,4.1589
4776066,2203.0,3702.816,3.0,2.5,Detached,2 Storey,2025-04-30,1,4.8206,1980.0,5397.0,3.0,2.5,Detached,2 Storey,2025-02-04,223 (11.3%),1694,0.0,0.0,Yes,Yes,Yes,0.310,1.000,4.905,4.8206
4776066,2203.0,3702.816,3.0,2.5,Detached,2 Storey,2025-04-30,2,4.8077,1982.0,6684.0,4.0,2.5,Detached,2 Storey,2025-03-29,221 (11.2%),2981,1.0,0.0,Yes,Yes,Yes,0.312,1.000,4.860,4.8077
4776066,2203.0,3702.816,3.0,2.5,Detached,2 Storey,2025-04-30,3,4.7958,2505.0,4693.0,4.0,2.5,Detached,2 Storey,2025-02-07,302 (12.1%),990,1.0,0.0,Yes,Yes,Yes,0.249,1.000,5.022,4.7958
4776534,3543.1,7524.035999999999,3.0,3.5,Detached,2 Storey,2025-05-02,1,4.2178,3550.0,10225.0,3.0,3.0,Detached,2 Storey,2025-05-05,7 (0.2%),2701,0.0,0.5,Yes,Yes,Yes,0.935,1.000,0.778,4.2178
4776534,3543.1,7524.035999999999,3.0,3.5,Detached,2 Storey,2025-05-02,2,3.1773,3346.0,14908.0,6.0,4.5,Detached,2 Storey,2025-02-12,197 (5.9%),7384,3.0,1.0,Yes,Yes,Yes,0.337,1.000,4.556,3.1773
4776534,3543.1,7524.035999999999,3.0,3.5,Detached,2 Storey,2025-05-02,3,3.0331,3013.0,10290.0,5.0,3.5,Detached,2 Storey,2025-05-07,530 (17.6%),2766,2.0,0.0,Yes,Yes,Yes,0.159,1.000,9.038,3.0331
4776574,2352.0,4768.0,3.0,3.5,Detached,2 Storey,2025-05-02,1,4.8206,2374.0,3907.0,4.0,3.5,Detached,2 Storey,2025-02-20,22 (0.9%),861,1.0,0.0,Yes,Yes,Yes,0.820,1.000,0.971,4.8206
4776574,2352.0,4768.0,3.0,3.5,Detached,2 Storey,2025-05-02,2,4.6179,2474.0,4176.0,3.0,3.5,Detached,2 Storey,2025-03-31,122 (4.9%),592,0.0,0.0,Yes,Yes,Yes,0.450,1.000,2.573,4.6179
4776574,2352.0,4768.0,3.0,3.5,Detached,2 Storey,2025-05-02,3,4.6010,2145.0,5209.0,4.0,3.5,Detached,2 Storey,2025-05-06,207 (9.7%),441,1.0,0.0,Yes,Yes,Yes,0.326,1.000,4.660,4.601
4776648,1050.0,10014.0,4.0,2.0,Detached,1 Storey,2025-05-01,1,4.6532,1145.0,7590.0,3.0,2.0,Detached,Bungalow,2025-02-14,95 (8.3%),2424,1.0,0.0,Yes,No,Yes,0.513,0.700,3.719,4.6532
4776648,1050.0,10014.0,4.0,2.0,Detached,1 Storey,2025-05-01,2,4.6532,900.0,7590.0,2.0,2.0,Detached,Bungalow Raised,2025-03-05,150 (16.7%),2424,2.0,0.0,Yes,No,Yes,0.400,0.700,7.467,4.6532
4776648,1050.0,10014.0,4.0,2.0,Detached,1 Storey,2025-05-01,3,4.5830,1300.0,6900.0,3.0,2.0,Detached,Bungalow Raised,2025-02-07,250 (19.2%),3114,1.0,0.0,Yes,No,Yes,0.286,0.700,8.292,4.583
4777578,2061.0,9450.792,3.0,3.5,Detached,2 Storey,2025-05-01,1,4.4231,2306.0,12196.0,4.0,3.5,Detached,2 Storey,2025-02-11,245 (10.6%),2745,1.0,0.0,Yes,Yes,Yes,0.290,1.000,5.650,4.4231
4777578,2061.0,9450.792,3.0,3.5,Detached,2 Storey,2025-05-01,2,4.3910,2239.0,8712.0,5.0,3.5,Detached,2 Storey,2025-03-24,178 (7.9%),739,2.0,0.0,Yes,Yes,Yes,0.360,1.000,4.580,4.391
4777578,2061.0,9450.792,3.0,3.5,Detached,2 Storey,2025-05-01,3,4.3693,2334.0,7405.0,5.0,3.5,Detached,2 Storey,2025-05-02,273 (11.7%),2046,2.0,0.0,Yes,Yes,Yes,0.268,1.000,6.479,4.3693
4777828,2385.0,4919.0,,,,2 Storey,2025-05-01,1,-2.5635,2221.0,4600.0,4.0,0.0,Detached,2 Storey,2024-12-07,164 (7.4%),319,,,Yes,Yes,No,0.379,nan,nan,2.5635
4777828,2385.0,4919.0,,,,2 Storey,2025-05-01,2,-2.5635,2400.0,5550.0,4.0,3.5,Detached,2 Storey,2025-01-11,15 (0.6%),631,,,Yes,Yes,No,0.870,nan,nan,2.5635
4777828,2385.0,4919.0,,,,2 Storey,2025-05-01,3,-2.6117,2750.0,4662.0,5.0,0.0,Detached,2 Storey,2025-01-21,365 (13.3%),257,,,Yes,Yes,No,0.215,nan,nan,2.6117
4778326,1746.79,8169.875999999999,3.0,2.5,Detached,Split Level,2025-05-05,1,4.6532,1822.0,5597.0,3.0,2.5,Detached,2 Storey,2025-05-01,75 (4.1%),2573,0.0,0.0,Yes,No,Yes,0.571,0.700,2.051,4.6532
4778326,1746.79,8169.875999999999,3.0,2.5,Detached,Split Level,2025-05-05,2,4.6010,1816.0,7405.0,4.0,2.5,Detached,Split Level,2025-02-19,69 (3.8%),765,1.0,0.0,Yes,Yes,Yes,0.591,1.000,2.324,4.601
4778326,1746.79,8169.875999999999,3.0,2.5,Detached,Split Level,2025-05-05,3,4.4633,1712.0,7319.0,3.0,2.5,Detached,2 Storey,2025-05-06,35 (2.0%),851,0.0,0.0,Yes,No,Yes,0.742,0.700,1.413,4.4633
4778535,2002.104,6243.12,8.0,4.0,Fourplex,Bi-Level,2025-05-06,1,-1.7183,2271.0,3121.0,4.0,4.0,Semi Detached,3+ Storey,2025-03-16,269 (11.8%),3122,4.0,0.0,No,No,Yes,0.271,0.300,5.736,1.7183
4778535,2002.104,6243.12,8.0,4.0,Fourplex,Bi-Level,2025-05-06,2,-1.8946,1648.0,8019.0,3.0,4.0,Detached,Bungalow,2025-05-12,354 (21.5%),1776,5.0,0.0,No,No,Yes,0.220,0.300,9.995,1.8946
4778535,2002.104,6243.12,8.0,4.0,Fourplex,Bi-Level,2025-05-06,3,-1.9074,2137.0,4682.0,4.0,4.0,Detached,2 Storey,2025-02-05,135 (6.3%),1561,4.0,0.0,No,No,Yes,0.426,0.300,nan,1.9074
4778557,1290.0,5791.0,2.0,3.0,Detached,Bungalow,2025-05-06,1,4.4079,1305.0,4833.0,3.0,3.0,Detached,Bungalow,2025-04-21,15 (1.1%),958,1.0,0.0,Yes,Yes,Yes,0.870,1.000,1.860,4.4079
4778557,1290.0,5791.0,2.0,3.0,Detached,Bungalow,2025-05-06,2,4.2133,1431.0,5597.0,4.0,3.0,Detached,Bi-Level,2025-04-17,141 (9.9%),194,2.0,0.0,Yes,No,Yes,0.415,0.700,6.141,4.2133
4778557,1290.0,5791.0,2.0,3.0,Detached,Bungalow,2025-05-06,3,4.1959,1132.0,3369.0,3.0,2.5,Detached,2 Storey,2025-03-25,158 (14.0%),2422,1.0,0.5,Yes,No,Yes,0.388,0.700,6.283,4.1959
4778791,678.0,,2.0,2.0,Condominium,1 Storey,2025-05-05,1,3.5010,550.0,,1.0,2.0,Condominium,2 Storey,2025-02-12,128 (23.3%),nan,1.0,0.0,Yes,No,Yes,0.439,0.700,9.709,3.501
4778791,678.0,,2.0,2.0,Condominium,1 Storey,2025-05-05,2,0.1906,550.0,,1.0,0.0,Condominium,2 Storey,2025-02-12,128 (23.3%),nan,1.0,2.0,Yes,No,Yes,0.439,0.700,10.109,0.1906
4778791,678.0,,2.0,2.0,Condominium,1 Storey,2025-05-05,3,-1.2520,850.0,,2.0,1.0,Condominium,,2025-03-05,172 (20.2%),nan,0.0,1.0,Yes,Yes,Yes,0.368,nan,8.694,1.252
4778794,665.0,,2.0,2.0,Condominium,1 Storey,2025-05-05,1,3.4855,550.0,,1.0,2.0,Condominium,2 Storey,2025-02-12,115 (20.9%),nan,1.0,0.0,Yes,No,Yes,0.465,0.700,8.764,3.4855
4778794,665.0,,2.0,2.0,Condominium,1 Storey,2025-05-05,2,0.2382,550.0,,1.0,0.0,Condominium,2 Storey,2025-02-12,115 (20.9%),nan,1.0,2.0,Yes,No,Yes,0.465,0.700,9.164,0.2382
4778794,665.0,,2.0,2.0,Condominium,1 Storey,2025-05-05,3,-1.2520,850.0,,2.0,1.0,Condominium,,2025-03-05,185 (21.8%),nan,0.0,1.0,Yes,Yes,Yes,0.351,nan,9.306,1.252
4778797,584.0,,1.0,1.0,Condominium,1 Storey,2025-05-05,1,3.1951,550.0,,1.0,2.0,Condominium,2 Storey,2025-02-12,34 (6.2%),nan,0.0,1.0,Yes,No,Yes,0.746,0.700,2.873,3.1951
4778797,584.0,,1.0,1.0,Condominium,1 Storey,2025-05-05,2,3.1951,550.0,,1.0,0.0,Condominium,2 Storey,2025-02-12,34 (6.2%),nan,0.0,1.0,Yes,No,Yes,0.746,0.700,2.873,3.1951
4778797,584.0,,1.0,1.0,Condominium,1 Storey,2025-05-05,3,-1.4905,850.0,,2.0,1.0,Condominium,,2025-03-05,266 (31.3%),nan,1.0,0.0,Yes,Yes,Yes,0.273,nan,13.118,1.4905
4779669,1451.0,3625.0,3.0,1.5,Detached,2 Storey,2025-05-06,1,4.4360,1315.0,5145.0,3.0,1.5,Detached,2 Storey,2025-02-11,136 (10.3%),1520,0.0,0.0,Yes,Yes,Yes,0.424,1.000,4.937,4.436
4779669,1451.0,3625.0,3.0,1.5,Detached,2 Storey,2025-05-06,2,4.4360,1302.0,5085.0,3.0,1.5,Detached,2 Storey,2025-02-21,149 (11.4%),1460,0.0,0.0,Yes,Yes,Yes,0.402,1.000,5.778,4.436
4779669,1451.0,3625.0,3.0,1.5,Detached,2 Storey,2025-05-06,3,4.4360,1685.0,5546.0,4.0,1.5,Detached,2 Storey,2025-02-25,234 (13.9%),1921,1.0,0.0,Yes,Yes,Yes,0.299,1.000,6.555,4.436
